[{"id":"bdf7e15f.c4364","type":"tab","label":"piano_hat","disabled":false,"info":""},{"id":"6668c643.679ad8","type":"tab","label":"汎用電動機制御基板","disabled":false,"info":""},{"id":"71f110bd.519d2","type":"tab","label":"デバイス","disabled":false,"info":""},{"id":"e89bd6e2.6a01b8","type":"PCA9685","z":"","deviceNumber":"1","address":"64","frequency":"50"},{"id":"b37258aa.00e7e8","type":"PCA9685","z":"","deviceNumber":"1","address":"70","frequency":"50"},{"id":"22cb5f4b.63edb","type":"PCA9685","z":"","deviceNumber":"1","address":"64","frequency":"50"},{"id":"2de8e2bf.90266e","type":"inject","z":"bdf7e15f.c4364","name":"","topic":"","payload":"","payloadType":"date","repeat":"","crontab":"","once":false,"onceDelay":0.1,"x":500,"y":260,"wires":[["328009cd.1201b6"]]},{"id":"2c1280bc.3271e","type":"debug","z":"bdf7e15f.c4364","name":"","active":true,"tosidebar":true,"console":false,"tostatus":false,"complete":"false","x":700,"y":360,"wires":[]},{"id":"328009cd.1201b6","type":"exec","z":"bdf7e15f.c4364","command":"sudo python3 /home/pi/Pimoroni/pianohat/examples/simple-piano.py","addpay":false,"append":"","useSpawn":"false","timer":"","oldrc":false,"name":"","x":910,"y":260,"wires":[["2c1280bc.3271e"],["2c1280bc.3271e"],["2c1280bc.3271e"]]},{"id":"b41528b6.a50728","type":"inject","z":"bdf7e15f.c4364","name":"","topic":"","payload":"","payloadType":"date","repeat":"","crontab":"","once":false,"onceDelay":0.1,"x":460,"y":500,"wires":[["3b82d2ee.d2d48e"]]},{"id":"f890f795.4fc838","type":"debug","z":"bdf7e15f.c4364","name":"","active":true,"tosidebar":true,"console":false,"tostatus":false,"complete":"false","x":660,"y":600,"wires":[]},{"id":"3b82d2ee.d2d48e","type":"exec","z":"bdf7e15f.c4364","command":"sudo python3 /home/pi/music_box-master-docs/docs/code/test_musicbox.py","addpay":false,"append":"","useSpawn":"false","timer":"","oldrc":false,"name":"","x":880,"y":540,"wires":[["f890f795.4fc838"],["f890f795.4fc838"],["f890f795.4fc838"]]},{"id":"c8d511f9.cfb3f","type":"catch","z":"bdf7e15f.c4364","name":"","scope":["328009cd.1201b6"],"uncaught":false,"x":710,"y":420,"wires":[["c0a12741.21a208"]]},{"id":"c0a12741.21a208","type":"debug","z":"bdf7e15f.c4364","name":"","active":true,"tosidebar":true,"console":false,"tostatus":false,"complete":"false","x":850,"y":420,"wires":[]},{"id":"efc729b2.5a26f8","type":"status","z":"bdf7e15f.c4364","name":"","scope":["328009cd.1201b6"],"x":710,"y":480,"wires":[["ed041b78.bd7eb8"]]},{"id":"ed041b78.bd7eb8","type":"debug","z":"bdf7e15f.c4364","name":"","active":true,"tosidebar":true,"console":false,"tostatus":false,"complete":"false","x":940,"y":480,"wires":[]},{"id":"f48f2317.be9d5","type":"link in","z":"bdf7e15f.c4364","name":"","links":[],"x":480,"y":740,"wires":[[]]},{"id":"f2407c54.99aa3","type":"comment","z":"bdf7e15f.c4364","name":"","info":"","x":460,"y":860,"wires":[]},{"id":"d328a09e.39a94","type":"trigger","z":"bdf7e15f.c4364","op1":"1","op2":"0","op1type":"val","op2type":"val","duration":"250","extend":"false","units":"ms","reset":"","bytopic":"all","name":"","x":300,"y":960,"wires":[[]]},{"id":"6ab36926.e75ab8","type":"exec","z":"bdf7e15f.c4364","command":"sudo reboot","addpay":false,"append":"","useSpawn":"false","timer":"","oldrc":false,"name":"","x":700,"y":140,"wires":[["5d3aaeba.d755b"],[],[]]},{"id":"39ca08d5.ed8218","type":"inject","z":"bdf7e15f.c4364","name":"","topic":"","payload":"","payloadType":"date","repeat":"","crontab":"","once":false,"onceDelay":0.1,"x":440,"y":140,"wires":[["6ab36926.e75ab8"]]},{"id":"5d3aaeba.d755b","type":"debug","z":"bdf7e15f.c4364","name":"","active":true,"tosidebar":true,"console":false,"tostatus":false,"complete":"false","x":900,"y":140,"wires":[]},{"id":"31cd252d.52b6ca","type":"inject","z":"6668c643.679ad8","name":"","topic":"","payload":"1","payloadType":"num","repeat":"","crontab":"","once":false,"onceDelay":0.1,"x":150,"y":160,"wires":[["f1f3ff88.9e628"]]},{"id":"59a3ea8c.91ae84","type":"debug","z":"6668c643.679ad8","name":"","active":true,"tosidebar":true,"console":false,"tostatus":false,"complete":"false","x":630,"y":240,"wires":[]},{"id":"15788ac3.6aed65","type":"comment","z":"6668c643.679ad8","name":"pigpiodの状態確認","info":"","x":150,"y":100,"wires":[]},{"id":"f1f3ff88.9e628","type":"exec","z":"6668c643.679ad8","command":" sudo systemctl status pigpiod","addpay":false,"append":"","useSpawn":"false","timer":"","oldrc":false,"name":"","x":420,"y":180,"wires":[["59a3ea8c.91ae84"],["59a3ea8c.91ae84"],["59a3ea8c.91ae84"]]},{"id":"de33cb20.033498","type":"inject","z":"6668c643.679ad8","name":"","topic":"","payload":"1","payloadType":"num","repeat":"","crontab":"","once":false,"onceDelay":0.1,"x":150,"y":380,"wires":[["1e6b8f8e.3b601"]]},{"id":"67358e1d.84ae9","type":"debug","z":"6668c643.679ad8","name":"","active":true,"tosidebar":true,"console":false,"tostatus":false,"complete":"false","x":630,"y":460,"wires":[]},{"id":"bff2880e.293098","type":"comment","z":"6668c643.679ad8","name":"pigpiodを実行/開始","info":"","x":150,"y":320,"wires":[]},{"id":"1e6b8f8e.3b601","type":"exec","z":"6668c643.679ad8","command":" sudo systemctl start pigpiod.service","addpay":false,"append":"","useSpawn":"false","timer":"","oldrc":false,"name":"","x":440,"y":400,"wires":[["67358e1d.84ae9"],["67358e1d.84ae9"],["67358e1d.84ae9"]]},{"id":"983d6412.966368","type":"inject","z":"6668c643.679ad8","name":"","topic":"","payload":"1","payloadType":"num","repeat":"","crontab":"","once":false,"onceDelay":0.1,"x":150,"y":560,"wires":[["645c803f.dcc9f"]]},{"id":"c8638511.4e2778","type":"debug","z":"6668c643.679ad8","name":"","active":true,"tosidebar":true,"console":false,"tostatus":false,"complete":"false","x":630,"y":640,"wires":[]},{"id":"b39fabc7.cf2608","type":"comment","z":"6668c643.679ad8","name":"実行しているpigpiodを再起動","info":"","x":180,"y":500,"wires":[]},{"id":"645c803f.dcc9f","type":"exec","z":"6668c643.679ad8","command":" sudo systemctl restart pigpiod.service","addpay":false,"append":"","useSpawn":"false","timer":"","oldrc":false,"name":"","x":450,"y":580,"wires":[["c8638511.4e2778"],["c8638511.4e2778"],["c8638511.4e2778"]]},{"id":"2be32e98.b5fcb2","type":"inject","z":"6668c643.679ad8","name":"","topic":"","payload":"1","payloadType":"num","repeat":"","crontab":"","once":false,"onceDelay":0.1,"x":170,"y":780,"wires":[["c466eed6.1e923"]]},{"id":"3f47ee28.92c972","type":"debug","z":"6668c643.679ad8","name":"","active":true,"tosidebar":true,"console":false,"tostatus":false,"complete":"false","x":650,"y":860,"wires":[]},{"id":"91d02b0b.57f398","type":"comment","z":"6668c643.679ad8","name":"pigpiodを停止","info":"","x":150,"y":720,"wires":[]},{"id":"c466eed6.1e923","type":"exec","z":"6668c643.679ad8","command":" sudo systemctl stop pigpiod.service","addpay":false,"append":"","useSpawn":"false","timer":"","oldrc":false,"name":"","x":460,"y":800,"wires":[["3f47ee28.92c972"],["3f47ee28.92c972"],["3f47ee28.92c972"]]},{"id":"f07859ba.ef3398","type":"pi-gpiod in","z":"6668c643.679ad8","name":"","host":"localhost","port":8888,"pin":"4","intype":"PUD_OFF","debounce":"25","read":false,"x":110,"y":1080,"wires":[["8b84e4c.e08e318"]]},{"id":"8b84e4c.e08e318","type":"debug","z":"6668c643.679ad8","name":"","active":true,"tosidebar":true,"console":false,"tostatus":false,"complete":"false","x":220,"y":1180,"wires":[]},{"id":"b202b4ac.cc08f8","type":"inject","z":"6668c643.679ad8","name":"","topic":"","payload":"1","payloadType":"num","repeat":"","crontab":"","once":false,"onceDelay":0.1,"x":190,"y":980,"wires":[["99d361bd.4f76b"]]},{"id":"b1e91eb5.829f1","type":"debug","z":"6668c643.679ad8","name":"","active":true,"tosidebar":true,"console":false,"tostatus":false,"complete":"false","x":670,"y":1060,"wires":[]},{"id":"f64ef9eb.545558","type":"comment","z":"6668c643.679ad8","name":"pigpiodを実行/開始","info":"","x":190,"y":920,"wires":[]},{"id":"99d361bd.4f76b","type":"exec","z":"6668c643.679ad8","command":" sudo  pigpiod","addpay":false,"append":"","useSpawn":"false","timer":"","oldrc":false,"name":"","x":410,"y":1000,"wires":[["b1e91eb5.829f1"],["b1e91eb5.829f1"],["b1e91eb5.829f1"]]},{"id":"8037b87b.f67bc8","type":"comment","z":"71f110bd.519d2","name":"PCA9685 Error initializing PCA9685","info":"","x":260,"y":160,"wires":[]},{"id":"1c612c72.573684","type":"pimcp3008","z":"71f110bd.519d2","name":"mcp3208_A6","dev":"3208","pin":"6","dnum":"0","bus":"0","x":300,"y":400,"wires":[["b034a190.cacea"]]},{"id":"952f0cc9.cf279","type":"inject","z":"71f110bd.519d2","name":"","topic":"","payload":"","payloadType":"date","repeat":"","crontab":"","once":false,"onceDelay":0.1,"x":180,"y":360,"wires":[["1c612c72.573684"]]},{"id":"b034a190.cacea","type":"debug","z":"71f110bd.519d2","name":"","active":true,"tosidebar":true,"console":false,"tostatus":false,"complete":"false","x":500,"y":420,"wires":[]},{"id":"6a3c126e.f2df1c","type":"comment","z":"71f110bd.519d2","name":"mcp3208","info":"","x":180,"y":320,"wires":[]},{"id":"ba2821cc.f863f","type":"inject","z":"71f110bd.519d2","name":"","topic":"","payload":"50","payloadType":"num","repeat":"","crontab":"","once":false,"onceDelay":0.1,"x":170,"y":220,"wires":[[]]},{"id":"ad40c0d0.801bf","type":"debug","z":"71f110bd.519d2","name":"","active":true,"tosidebar":true,"console":false,"tostatus":false,"complete":"false","x":460,"y":300,"wires":[]},{"id":"6f32e06c.962e2","type":"inject","z":"71f110bd.519d2","name":"100%","topic":"","payload":"100","payloadType":"num","repeat":"","crontab":"","once":false,"x":870,"y":220,"wires":[["f3d35df.44220a"]]},{"id":"b46da8d0.a68ea8","type":"inject","z":"71f110bd.519d2","name":"50%","topic":"","payload":"50","payloadType":"num","repeat":"","crontab":"","once":false,"x":870,"y":260,"wires":[["f3d35df.44220a"]]},{"id":"4574113d.10f3f","type":"inject","z":"71f110bd.519d2","name":"Off","topic":"","payload":"0","payloadType":"num","repeat":"","crontab":"","once":false,"x":870,"y":300,"wires":[["f3d35df.44220a"]]},{"id":"7a471517.4361ac","type":"inject","z":"71f110bd.519d2","name":"120°","topic":"","payload":"2100","payloadType":"num","repeat":"","crontab":"","once":false,"x":870,"y":360,"wires":[["e346334a.80d1d"]]},{"id":"349f3218.23b43e","type":"inject","z":"71f110bd.519d2","name":"60°","topic":"","payload":"1500","payloadType":"num","repeat":"","crontab":"","once":false,"x":870,"y":400,"wires":[["e346334a.80d1d"]]},{"id":"a95dc3cf.62299","type":"inject","z":"71f110bd.519d2","name":"0°","topic":"","payload":"900","payloadType":"num","repeat":"","crontab":"","once":false,"x":870,"y":440,"wires":[["e346334a.80d1d"]]},{"id":"494929a9.cde448","type":"inject","z":"71f110bd.519d2","name":"Off","topic":"","payload":"0","payloadType":"num","repeat":"","crontab":"","once":false,"x":870,"y":480,"wires":[["e346334a.80d1d"]]},{"id":"f3d35df.44220a","type":"PCA9685 out","z":"71f110bd.519d2","name":"PWM Output 2 (Led)","pca9685":"b37258aa.00e7e8","channel":"2","payload":"","unit":"percent","onStep":"0","x":1085,"y":260,"wires":[]},{"id":"e346334a.80d1d","type":"PCA9685 out","z":"71f110bd.519d2","name":"PWM Output 4 (Servo)","pca9685":"b37258aa.00e7e8","channel":"4","payload":"","unit":"microseconds","onStep":"0","x":1095,"y":420,"wires":[]},{"id":"14caa7f6.ef2098","type":"debug","z":"71f110bd.519d2","name":"","active":true,"tosidebar":true,"console":false,"tostatus":false,"complete":"false","x":400,"y":780,"wires":[]},{"id":"acda160a.af0618","type":"comment","z":"71f110bd.519d2","name":"BME280 read error: You must first call bme280.init()","info":"","x":290,"y":620,"wires":[]},{"id":"1b789fb0.ee6fc","type":"inject","z":"71f110bd.519d2","name":"\"Stop\"","topic":"","payload":"0","payloadType":"num","repeat":"","crontab":"","once":false,"x":730,"y":680,"wires":[["1671f741.7bbe29"]]},{"id":"3981ae01.2b6292","type":"inject","z":"71f110bd.519d2","name":"\"Half Ahead\"","topic":"","payload":"50","payloadType":"num","repeat":"","crontab":"","once":false,"x":750,"y":640,"wires":[["1671f741.7bbe29"]]},{"id":"fb2923b3.a4ddc","type":"inject","z":"71f110bd.519d2","name":"\"Full Ahead\"","topic":"","payload":"100","payloadType":"num","repeat":"","crontab":"","once":false,"onceDelay":"","x":750,"y":600,"wires":[["1671f741.7bbe29"]]},{"id":"10450fa6.cb81e","type":"inject","z":"71f110bd.519d2","name":"\"Half Astern\"","topic":"","payload":"-50","payloadType":"num","repeat":"","crontab":"","once":false,"x":750,"y":720,"wires":[["1671f741.7bbe29"]]},{"id":"4d17f14d.aa39e","type":"inject","z":"71f110bd.519d2","name":"\"Full Astern\"","topic":"","payload":"","payloadType":"date","repeat":"","crontab":"","once":false,"x":750,"y":760,"wires":[["1671f741.7bbe29"]]},{"id":"ca3c712f.13068","type":"rpi-gpio out","z":"71f110bd.519d2","name":"Right Forward","pin":"18","set":"","level":"0","out":"out","x":1200,"y":1020,"wires":[]},{"id":"154f7525.b41e4b","type":"rpi-gpio out","z":"71f110bd.519d2","name":"Right Reverse","pin":"13","set":"","level":"0","out":"out","x":1200,"y":960,"wires":[]},{"id":"462b3f33.6a7dc","type":"rpi-gpio out","z":"71f110bd.519d2","name":"Left Reverse","pin":"11","set":"","level":"0","out":"out","x":1190,"y":680,"wires":[]},{"id":"f0138b46.ffbe58","type":"rpi-gpio out","z":"71f110bd.519d2","name":"Left Forward","pin":"15","set":"","level":"0","out":"out","x":1190,"y":740,"wires":[]},{"id":"1671f741.7bbe29","type":"function","z":"71f110bd.519d2","name":"set left speed","func":"var en = { payload: msg.payload };\nvar in1 = { payload: 0 };\nvar in2 = { payload: 0 };\n\nif (msg.payload > 0) {\n    in2 = { payload: 1 };\n} else if (msg.payload < 0) {\n    in1 = { payload: 1 };\n} \ncontext.leftSpeed = msg.payload;\nreturn [ en, in1, in2 ];","outputs":"3","noerr":0,"x":1000,"y":680,"wires":[["e5c067af.5b4838"],["462b3f33.6a7dc"],["f0138b46.ffbe58"]]},{"id":"24110d85.c1f452","type":"function","z":"71f110bd.519d2","name":"set right speed","func":"var en = { payload: msg.payload };\nvar in1 = { payload: 0 };\nvar in2 = { payload: 0 };\n\nif (msg.payload > 0) {\n    in2 = { payload: 1 };\n} else if (msg.payload < 0) {\n    in1 = { payload: 1 };\n} \ncontext.rightSpeed = msg.payload;\nreturn [ en, in1, in2 ];","outputs":"3","noerr":0,"x":1000,"y":960,"wires":[["fe617e7f.62878"],["154f7525.b41e4b"],["ca3c712f.13068"]]},{"id":"e5c067af.5b4838","type":"PCA9685 out","z":"71f110bd.519d2","name":"Left Velocity","pca9685":"22cb5f4b.63edb","channel":"9","payload":"","unit":"percent","onStep":"0","x":1190,"y":620,"wires":[]},{"id":"fe617e7f.62878","type":"PCA9685 out","z":"71f110bd.519d2","name":"Right Velocity","pca9685":"22cb5f4b.63edb","channel":"8","payload":"","unit":"percent","onStep":"0","x":1200,"y":900,"wires":[]},{"id":"6e03c4eb.d79ddc","type":"comment","z":"71f110bd.519d2","name":"Left Engine:","info":"","x":690,"y":560,"wires":[]},{"id":"728641c6.56e0b","type":"inject","z":"71f110bd.519d2","name":"\"Stop\"","topic":"","payload":"0","payloadType":"num","repeat":"","crontab":"","once":false,"x":730,"y":960,"wires":[["24110d85.c1f452"]]},{"id":"72017cdd.97edd4","type":"inject","z":"71f110bd.519d2","name":"\"Half Ahead\"","topic":"","payload":"50","payloadType":"num","repeat":"","crontab":"","once":false,"x":750,"y":920,"wires":[["24110d85.c1f452"]]},{"id":"fe0c47fd.18e928","type":"inject","z":"71f110bd.519d2","name":"\"Full Ahead\"","topic":"","payload":"100","payloadType":"num","repeat":"","crontab":"","once":false,"x":750,"y":880,"wires":[["24110d85.c1f452"]]},{"id":"d0897eb9.377dc","type":"inject","z":"71f110bd.519d2","name":"\"Half Astern\"","topic":"","payload":"-50","payloadType":"num","repeat":"","crontab":"","once":false,"x":750,"y":1000,"wires":[["24110d85.c1f452"]]},{"id":"447f456.816ccbc","type":"inject","z":"71f110bd.519d2","name":"\"Full Astern\"","topic":"","payload":"","payloadType":"date","repeat":"","crontab":"","once":false,"x":750,"y":1040,"wires":[["24110d85.c1f452"]]},{"id":"6ae3a57c.efa83c","type":"comment","z":"71f110bd.519d2","name":"Right Engine:","info":"","x":690,"y":840,"wires":[]}]