[{"id":"99ddcf58.6478","type":"tab","label":"その１_BME680","disabled":false,"info":""},{"id":"b203d960.608a58","type":"inject","z":"99ddcf58.6478","name":"5秒間隔で、自動起動","props":[{"p":"payload"},{"p":"topic","vt":"str"}],"repeat":"5","crontab":"","once":false,"onceDelay":0.1,"topic":"","payload":"","payloadType":"date","x":200,"y":220,"wires":[["43c73d1a.005424"]]},{"id":"43c73d1a.005424","type":"exec","z":"99ddcf58.6478","command":"sudo python3 /home/pi/10_myproj/20_python/110_bme680_to_node-red.py","addpay":false,"append":"","useSpawn":"false","timer":"","oldrc":false,"name":"","x":600,"y":260,"wires":[["b3f8f006.aa4","307aa819.c948b8"],["b3f8f006.aa4"],["b3f8f006.aa4"]]},{"id":"b3f8f006.aa4","type":"debug","z":"99ddcf58.6478","name":"","active":true,"tosidebar":true,"console":true,"tostatus":true,"complete":"payload","targetType":"msg","x":800,"y":320,"wires":[]},{"id":"fbec4db6.543cc","type":"catch","z":"99ddcf58.6478","name":"","scope":["43c73d1a.005424"],"uncaught":false,"x":390,"y":200,"wires":[["72dd3162.cb65f"]]},{"id":"72dd3162.cb65f","type":"debug","z":"99ddcf58.6478","name":"","active":true,"tosidebar":true,"console":false,"tostatus":false,"complete":"false","x":590,"y":200,"wires":[]},{"id":"307aa819.c948b8","type":"change","z":"99ddcf58.6478","name":"","rules":[{"t":"change","p":"payload","pt":"msg","from":"'","fromt":"str","to":"\"","tot":"str"}],"action":"","property":"","from":"","to":"","reg":false,"x":440,"y":300,"wires":[["4ae2dde4.555df4","6f7c49d0.112d88"]]},{"id":"4ae2dde4.555df4","type":"debug","z":"99ddcf58.6478","name":"","active":false,"tosidebar":true,"console":false,"tostatus":false,"complete":"false","x":470,"y":340,"wires":[]},{"id":"6f7c49d0.112d88","type":"json","z":"99ddcf58.6478","name":"","property":"payload","action":"","pretty":false,"x":450,"y":420,"wires":[["495637ce.25fc58","bb9dcb00.d24668"]]},{"id":"495637ce.25fc58","type":"debug","z":"99ddcf58.6478","name":"","active":false,"tosidebar":true,"console":false,"tostatus":false,"complete":"true","targetType":"full","x":510,"y":460,"wires":[]},{"id":"3bc2e197.3b6b3e","type":"function","z":"99ddcf58.6478","name":"","func":"var temp={payload:msg.payload.Temp};\nvar gas={payload:msg.payload.Gas};\nvar humi={payload:msg.payload.Humi};\nvar press={payload:msg.payload.Press};\nvar wbgt={payload:msg.payload.Wbgt};\n\nreturn [temp,gas,humi,press,wbgt];","outputs":5,"noerr":0,"initialize":"","finalize":"","x":1060,"y":820,"wires":[["943f02da.12dd9","a8d080b.37cc98"],["de1bb83c.7a3178","29435bea.b8a894"],["8de5bd12.347d5","a7e50855.8001b8"],["4d7132fe.f1a2ec","756ee9d6.497ba8"],["48278576.737c7c","b156bc5d.1be3"]]},{"id":"943f02da.12dd9","type":"debug","z":"99ddcf58.6478","name":"","active":false,"tosidebar":true,"console":false,"tostatus":false,"complete":"false","x":1310,"y":720,"wires":[]},{"id":"de1bb83c.7a3178","type":"debug","z":"99ddcf58.6478","name":"","active":false,"tosidebar":true,"console":false,"tostatus":false,"complete":"false","x":1310,"y":800,"wires":[]},{"id":"8de5bd12.347d5","type":"debug","z":"99ddcf58.6478","name":"","active":false,"tosidebar":true,"console":false,"tostatus":false,"complete":"false","x":1310,"y":860,"wires":[]},{"id":"4d7132fe.f1a2ec","type":"debug","z":"99ddcf58.6478","name":"","active":false,"tosidebar":true,"console":false,"tostatus":false,"complete":"false","x":1290,"y":940,"wires":[]},{"id":"48278576.737c7c","type":"debug","z":"99ddcf58.6478","name":"","active":false,"tosidebar":true,"console":false,"tostatus":false,"complete":"false","x":1310,"y":1020,"wires":[]},{"id":"a8d080b.37cc98","type":"ui_chart","z":"99ddcf58.6478","name":"","group":"a6d86501.359648","order":0,"width":0,"height":0,"label":"temp","chartType":"line","legend":"false","xformat":"HH:mm:ss","interpolate":"linear","nodata":"","dot":false,"ymin":"","ymax":"","removeOlder":1,"removeOlderPoints":"","removeOlderUnit":"604800","cutout":0,"useOneColor":false,"useUTC":false,"colors":["#1f77b4","#aec7e8","#ff7f0e","#2ca02c","#98df8a","#d62728","#ff9896","#9467bd","#c5b0d5"],"outputs":1,"x":1330,"y":680,"wires":[[]]},{"id":"29435bea.b8a894","type":"ui_chart","z":"99ddcf58.6478","name":"","group":"a6d86501.359648","order":1,"width":0,"height":0,"label":"gas","chartType":"line","legend":"false","xformat":"HH:mm:ss","interpolate":"linear","nodata":"","dot":false,"ymin":"","ymax":"","removeOlder":1,"removeOlderPoints":"","removeOlderUnit":"604800","cutout":0,"useOneColor":false,"useUTC":false,"colors":["#1f77b4","#aec7e8","#ff7f0e","#2ca02c","#98df8a","#d62728","#ff9896","#9467bd","#c5b0d5"],"outputs":1,"x":1300,"y":740,"wires":[[]]},{"id":"a7e50855.8001b8","type":"ui_chart","z":"99ddcf58.6478","name":"","group":"a6d86501.359648","order":2,"width":0,"height":0,"label":"humi","chartType":"line","legend":"false","xformat":"HH:mm:ss","interpolate":"linear","nodata":"","dot":false,"ymin":"","ymax":"","removeOlder":1,"removeOlderPoints":"","removeOlderUnit":"604800","cutout":0,"useOneColor":false,"useUTC":false,"colors":["#1f77b4","#aec7e8","#ff7f0e","#2ca02c","#98df8a","#d62728","#ff9896","#9467bd","#c5b0d5"],"outputs":1,"x":1330,"y":840,"wires":[[]]},{"id":"756ee9d6.497ba8","type":"ui_chart","z":"99ddcf58.6478","name":"","group":"a6d86501.359648","order":3,"width":0,"height":0,"label":"press","chartType":"line","legend":"false","xformat":"HH:mm:ss","interpolate":"linear","nodata":"","dot":false,"ymin":"","ymax":"","removeOlder":1,"removeOlderPoints":"","removeOlderUnit":"604800","cutout":0,"useOneColor":false,"useUTC":false,"colors":["#1f77b4","#aec7e8","#ff7f0e","#2ca02c","#98df8a","#d62728","#ff9896","#9467bd","#c5b0d5"],"outputs":1,"x":1300,"y":900,"wires":[[]]},{"id":"b156bc5d.1be3","type":"ui_chart","z":"99ddcf58.6478","name":"","group":"a6d86501.359648","order":4,"width":0,"height":0,"label":"熱中症指数:wbgt","chartType":"line","legend":"false","xformat":"HH:mm:ss","interpolate":"linear","nodata":"","dot":false,"ymin":"","ymax":"","removeOlder":1,"removeOlderPoints":"","removeOlderUnit":"604800","cutout":0,"useOneColor":false,"useUTC":false,"colors":["#1f77b4","#aec7e8","#ff7f0e","#2ca02c","#98df8a","#d62728","#ff9896","#9467bd","#c5b0d5"],"outputs":1,"x":1370,"y":980,"wires":[[]]},{"id":"bb9dcb00.d24668","type":"function","z":"99ddcf58.6478","name":"熱中症指数：ＷＢＧＴ計算","func":"//signed long int  wbgt_getData() {\n    var temp ;  \n    var hum ;    \n    var preshigh ;    \n    temp = msg.payload.Temp;  \n    hum = msg.payload.Humi;    \n    preshigh = msg.payload.Press;    \n        \n    //char str_temp[10];\n    //double wbgt = 0.0;\n    //double tempi = 30.5, humi = 60.0;\n    //double Yi = 0.90739, Xi = 0.14775;\n    //double YXi = -0.003665, aveall = 27.77;\n    //float temp = temp_act;\n    //float hum = hum_act;\n    //float preshigh = press_act;\n    //var str_temp[10];\n    var wbgt ;//= 0.0;\n    var tempi = 30.5, humi = 60.0;\n    var Yi = 0.90739, Xi = 0.14775;\n    var YXi = -0.003665, aveall = 27.77;\n    //var temp = temp_act;\n    //var hum = hum_act;\n    //var preshigh = press_act;\n    \n    //wbgt = (temp - tempi) * Yi;\n    wbgt = (temp - tempi) ;\n    \n    wbgt = wbgt + ( hum - humi) * Xi;\n    wbgt = wbgt + (temp - tempi) * ( hum - humi) * YXi + aveall;\n    msg.payload.Wbgt = wbgt;\n    //return wbgt ;\n//}\n\nreturn msg;","outputs":1,"noerr":0,"initialize":"","finalize":"","x":520,"y":520,"wires":[["9367b598.777788","2185c4bb.6dd3bc"]]},{"id":"9367b598.777788","type":"debug","z":"99ddcf58.6478","name":"","active":false,"tosidebar":true,"console":false,"tostatus":false,"complete":"true","targetType":"full","statusVal":"","statusType":"auto","x":570,"y":560,"wires":[]},{"id":"c58a3ff8.540c2","type":"inject","z":"99ddcf58.6478","name":"","props":[{"p":"payload"},{"p":"topic","vt":"str"}],"repeat":"","crontab":"","once":false,"onceDelay":0.1,"topic":"","payload":" '{\"line1\":\"cmd_line1\",\"line2\":\"line2\",\"line3\":\"line3\",\"line4\":\"line4\"}'","payloadType":"str","x":1050,"y":200,"wires":[["8419bd43.8eaad","f79a5a28.ac9e28"]]},{"id":"e01af201.e14fb","type":"debug","z":"99ddcf58.6478","name":"","active":true,"tosidebar":true,"console":false,"tostatus":false,"complete":"false","x":1690,"y":280,"wires":[]},{"id":"8419bd43.8eaad","type":"exec","z":"99ddcf58.6478","command":"sudo python3 /home/pi/10_myproj/20_python/210_ssd1306_disp_node-red.py","addpay":true,"append":"","useSpawn":"false","timer":"","oldrc":false,"name":"","x":1500,"y":220,"wires":[["e01af201.e14fb"],["e01af201.e14fb"],["e01af201.e14fb"]]},{"id":"c17e854b.3a71c8","type":"comment","z":"99ddcf58.6478","name":"表示出力部","info":"","x":1040,"y":160,"wires":[]},{"id":"22b6b2d0.8099ce","type":"comment","z":"99ddcf58.6478","name":" '{\"line1\":\"cmd_line1\",\"line2\":\"line2\",\"line3\":\"line3\",\"line4\":\"line4\"}'","info":"","x":1350,"y":160,"wires":[]},{"id":"f79a5a28.ac9e28","type":"debug","z":"99ddcf58.6478","name":"","active":true,"tosidebar":true,"console":false,"tostatus":false,"complete":"false","x":1060,"y":240,"wires":[]},{"id":"d283ec11.679b9","type":"json","z":"99ddcf58.6478","name":"","property":"payload","action":"","pretty":false,"x":1210,"y":420,"wires":[["87abd555.3ae1b8","9089e1ed.08ccf"]]},{"id":"ff496951.efbbf8","type":"json","z":"99ddcf58.6478","name":"","property":"payload","action":"","pretty":false,"x":1470,"y":520,"wires":[["8af32be4.986438","bc9095c1.6e2458"]]},{"id":"87abd555.3ae1b8","type":"debug","z":"99ddcf58.6478","name":"","active":true,"tosidebar":true,"console":false,"tostatus":false,"complete":"true","targetType":"full","x":1210,"y":460,"wires":[]},{"id":"8af32be4.986438","type":"debug","z":"99ddcf58.6478","name":"","active":false,"tosidebar":true,"console":false,"tostatus":false,"complete":"true","targetType":"full","x":1470,"y":560,"wires":[]},{"id":"d7bfbfb5.f6cf5","type":"debug","z":"99ddcf58.6478","name":"","active":false,"tosidebar":true,"console":false,"tostatus":false,"complete":"true","targetType":"full","x":1050,"y":440,"wires":[]},{"id":"91f0d199.e6e5e","type":"change","z":"99ddcf58.6478","name":"' →\"","rules":[{"t":"change","p":"payload","pt":"msg","from":"'","fromt":"str","to":"\"","tot":"str"}],"action":"","property":"","from":"","to":"","reg":false,"x":1050,"y":400,"wires":[["d7bfbfb5.f6cf5","d283ec11.679b9"]]},{"id":"4d95f018.67e48","type":"inject","z":"99ddcf58.6478","name":"","props":[{"p":"payload"},{"p":"topic","vt":"str"}],"repeat":"","crontab":"","once":false,"onceDelay":0.1,"topic":"","payload":"{\"line1\":\"cmd_line1\",\"line2\":\"line2\",\"line3\":\"line3\",\"line4\":\"line4\"}","payloadType":"str","x":1050,"y":360,"wires":[["91f0d199.e6e5e"]]},{"id":"6d74e9f5.60c7b8","type":"comment","z":"99ddcf58.6478","name":"文字列化","info":"","x":1460,"y":480,"wires":[]},{"id":"b9fdb81c.648e48","type":"comment","z":"99ddcf58.6478","name":"変数化","info":"","x":1210,"y":380,"wires":[]},{"id":"bc9095c1.6e2458","type":"function","z":"99ddcf58.6478","name":"","func":"var oriji = { payload: msg.payload };\nvar out = { payload: msg.payload };\nout = \"'\";\nout += msg.payload ;\nout += \"'\";\nmsg.payload = out;\n//msg = msg.payload.ch0;\nreturn [oriji,msg];","outputs":2,"noerr":0,"initialize":"","finalize":"","x":1640,"y":520,"wires":[["be53094f.bcb828"],["84e0130c.c23d8","8419bd43.8eaad"]]},{"id":"be53094f.bcb828","type":"debug","z":"99ddcf58.6478","name":"","active":false,"tosidebar":true,"console":false,"tostatus":false,"complete":"false","x":1650,"y":480,"wires":[]},{"id":"84e0130c.c23d8","type":"debug","z":"99ddcf58.6478","name":"","active":false,"tosidebar":true,"console":false,"tostatus":false,"complete":"false","x":1670,"y":560,"wires":[]},{"id":"882e0672.9b9298","type":"function","z":"99ddcf58.6478","name":"表示用文字列作成","func":"//var count = flow.get('count')||0;\n//if(count<10){\n  //  count +=1;\n//    flow.set('count',count);\n//    msg = null;\n//}else{\n    //count =0;\n    //flow.set('count',count);\n    //var wbgt = msg.payload;\n    var temp = msg[\"payload\"].Temp;\n    var humi = msg[\"payload\"].Humi;\n    var press = msg[\"payload\"].Press;\n    var gas = msg[\"payload\"].Gas;\n    var wbgt = msg[\"payload\"].Wbgt;\n    var awet = msg[\"payload\"].Awet;\n    \n    //var line1 =\" \";   \n    var line1 =\"温度：\"+ temp.toFixed(1) + \" 湿度：\"+ humi.toFixed(0);   \n    var line2 =\"気圧： \"+ press.toFixed(0) ;   \n    var line3 =\"Gas： \" + gas.toFixed(0);   \n    var line4 =\"wbgt:\"+ wbgt.toFixed(0) + \" 絶湿:\"　+ awet.toFixed(0);   \n    \n    msg.payload = {\"line1\":line1,\"line2\":line2,\"line3\":line3,\"line4\":line4};\n//}\nreturn msg;","outputs":1,"noerr":0,"initialize":"","finalize":"","x":1050,"y":540,"wires":[["d426b745.9741a8","9089e1ed.08ccf"]]},{"id":"d426b745.9741a8","type":"debug","z":"99ddcf58.6478","name":"","active":true,"tosidebar":true,"console":false,"tostatus":false,"complete":"true","targetType":"full","x":1030,"y":600,"wires":[]},{"id":"5aa3be56.8c067","type":"comment","z":"99ddcf58.6478","name":"表示処理部","info":"","x":1060,"y":320,"wires":[]},{"id":"e415b535.c09ba8","type":"comment","z":"99ddcf58.6478","name":"{\"line1\":\"cmd_line1\",\"line2\":\"line2\",\"line3\":\"line3\",\"line4\":\"line4\"}","info":"","x":1450,"y":340,"wires":[]},{"id":"f1a9e809.d05048","type":"inject","z":"99ddcf58.6478","name":"","props":[{"p":"payload"},{"p":"topic","vt":"str"}],"repeat":"","crontab":"","once":false,"onceDelay":0.1,"topic":"","payload":"","payloadType":"date","x":1080,"y":500,"wires":[["882e0672.9b9298"]]},{"id":"9089e1ed.08ccf","type":"function","z":"99ddcf58.6478","name":"接続用","func":"\nreturn msg;","outputs":1,"noerr":0,"initialize":"","finalize":"","x":1350,"y":520,"wires":[["ff496951.efbbf8"]]},{"id":"e57bf40c.25dfa8","type":"comment","z":"99ddcf58.6478","name":"ＯＬＥＤ：ＳＳＤ１３０６に表示","info":"","x":1120,"y":100,"wires":[]},{"id":"5fe76052.54d83","type":"comment","z":"99ddcf58.6478","name":"ｄａｓｈｂｏａｒｄに表示","info":"","x":1070,"y":740,"wires":[]},{"id":"6db9a9ba.e7dc08","type":"comment","z":"99ddcf58.6478","name":"{'Temp': 15.0,'Gas': 30510,'Humi': 41.4,'Press': 1010.520,'Alti': 22.75}","info":"","x":390,"y":160,"wires":[]},{"id":"45dd5653.cda318","type":"comment","z":"99ddcf58.6478","name":"センサ：BMP680から、温度、湿度、気圧、Gasデータ取得","info":"","x":330,"y":120,"wires":[]},{"id":"71f9cb92.a8a744","type":"comment","z":"99ddcf58.6478","name":"変数化","info":"","x":430,"y":380,"wires":[]},{"id":"8a9d2561.5eaa18","type":"inject","z":"99ddcf58.6478","name":"試験用","props":[{"p":"payload"},{"p":"topic","vt":"str"}],"repeat":"","crontab":"","once":false,"onceDelay":0.1,"topic":"","payload":"","payloadType":"date","x":150,"y":300,"wires":[["43c73d1a.005424"]]},{"id":"49e23fa9.4eee","type":"comment","z":"99ddcf58.6478","name":"{\"Temp\":14.8,\"Gas\":40651,\"Humi\":46.9,\"Press\":1009.93,\"Alti\":27.68,\"Wbgt\":9.3,\"Awet\":0.00059}","info":"","x":480,"y":700,"wires":[]},{"id":"7d77df3d.d21ed","type":"function","z":"99ddcf58.6478","name":"変数の最終出力　接続のみ","func":"\nreturn msg;","outputs":1,"noerr":0,"initialize":"","finalize":"","x":520,"y":740,"wires":[["5b046914.b17258","882e0672.9b9298","3bc2e197.3b6b3e","f72660ed.b7401"]]},{"id":"5b046914.b17258","type":"debug","z":"99ddcf58.6478","name":"","active":true,"tosidebar":true,"console":false,"tostatus":false,"complete":"false","statusVal":"","statusType":"auto","x":570,"y":780,"wires":[]},{"id":"cd35787a.2f5cd8","type":"Ambient","z":"99ddcf58.6478","name":"BMP680_熱中症指数：WBGT","channelId":"30513","writeKey":"412d718edc74a439","x":1650,"y":1140,"wires":[]},{"id":"af224cb8.287ed","type":"delay","z":"99ddcf58.6478","name":"","pauseType":"rate","timeout":"5","timeoutUnits":"minutes","rate":"1","nbRateUnits":"5","rateUnits":"minute","randomFirst":"1","randomLast":"5","randomUnits":"seconds","drop":true,"x":1400,"y":1140,"wires":[["cd35787a.2f5cd8","c52967f5.0b1308"]]},{"id":"5d039ec2.18741","type":"comment","z":"99ddcf58.6478","name":"{\"d1\":データー1, \"d2\":データー2, \"d3\":データー3, ...}","info":"","x":1440,"y":1100,"wires":[]},{"id":"f72660ed.b7401","type":"function","z":"99ddcf58.6478","name":"ambient送信用文字列作成","func":"    var temp = msg[\"payload\"].Temp;\n    var humi = msg[\"payload\"].Humi;\n    var press = msg[\"payload\"].Press;\n    var gas = msg[\"payload\"].Gas;\n    var wbgt = msg[\"payload\"].Wbgt;\n    var awet = msg[\"payload\"].Awet;\n//{\"d1\":データー1, \"d2\":データー2, \"d3\":データー3, ...}    \n    //var line1 =\" \";   \n    var d1 = temp.toFixed(1) ;     //\"温度：\"\n    var d2 = humi.toFixed(0) ;   //\"湿度\n    var d3 = press.toFixed(0) ;    //\"気圧   \n    var d4 = gas.toFixed(0) ;     //\"gas   \n    var d5 = wbgt.toFixed(0) ;     //\"熱中症指数：wbgt:\"\n    var d6 = awet.toFixed(0) ;     //\"絶対湿度awet:\"\n    msg.payload = {\"d1\":d1,\"d2\":d2,\"d3\":d3,\"d4\":d4,\"d5\":d5,\"d6\":d6};\n//}\nreturn msg;\n","outputs":1,"noerr":0,"initialize":"","finalize":"","x":1090,"y":1140,"wires":[["c3695443.9f4438","af224cb8.287ed"]]},{"id":"c3695443.9f4438","type":"debug","z":"99ddcf58.6478","name":"","active":true,"tosidebar":true,"console":false,"tostatus":false,"complete":"true","targetType":"full","x":1050,"y":1200,"wires":[]},{"id":"e6600fa4.77e22","type":"inject","z":"99ddcf58.6478","name":"","props":[{"p":"payload"},{"p":"topic","vt":"str"}],"repeat":"","crontab":"","once":false,"onceDelay":0.1,"topic":"","payload":"","payloadType":"date","x":1100,"y":1100,"wires":[["f72660ed.b7401"]]},{"id":"c52967f5.0b1308","type":"debug","z":"99ddcf58.6478","name":"","active":true,"tosidebar":true,"console":false,"tostatus":false,"complete":"false","statusVal":"","statusType":"auto","x":1440,"y":1200,"wires":[]},{"id":"2185c4bb.6dd3bc","type":"function","z":"99ddcf58.6478","name":"飽和水蒸気圧　計算","func":"//signed long int  awet_getData() {\n    //float temp = temp_act;  \n    //float hum = hum_act;    \n    //double ewet = 0.0 , awet = 0.0  ;\n    //var temp = temp_act;  \n    //var hum = hum_act;    \n    var temp ;  \n    var hum ;    \n    temp = msg.payload.Temp;  \n    hum = msg.payload.Humi;    \n    //試験用 温度21度、相対湿度40％　絶対湿度（ｇ/ｍ３）\n    //temp = 30.0;\n    //hum = 80 ;\n    \n//C2 温度\n//C3　相対湿度\n//C4 飽和水蒸気量=+C2^4*0.000002614+C2^3*0.0001626+C2^2*0.0096498+C2*0.34455+4.7838\n//C5 飽和水蒸気分圧=+C2^4*0.000004644+C2^3*0.00008715+C2^2*0.01284+0.31787*C2+4.603\n//C6 水蒸気分圧=+C5*C3/100\n//C7 絶対湿度=0.622*C6/(760-C6)*1000\n//C8 エンタルピー=(1.006*C2+(1.0805*C2+2501)*C7/1000)/4.2\n//C9 比容積=461.6*(0.622+C7/1000)*(273+C2)/101325\nvar C2,C3,C4,C5,C6,C7,C8;\nC2 = temp;\nC3 = hum;\nC4 = Math.pow(C2,4)*0.000002614+Math.pow(C2,3)*0.0001626+Math.pow(C2,2)*0.0096498+C2*0.34455+4.7838;\nC5 = Math.pow(C2,4)*0.000004644+Math.pow(C2,3)*0.00008715+Math.pow(C2,2)*0.01284+0.31787*C2+4.603;\nC6 = C5*C3/100;\nC7 = 0.622*C6/(760-C6)*1000;\nC8 = (1.006*C2+(1.0805*C2+2501)*C7/1000)/4.2;\nC9 = 461.6*(0.622+C7/1000)*(273+C2)/101325;\n\n\n\n\n    //msg.payload = C7;\n    msg.payload.Awet = C7;\n //   return awet ;\n//}\n\nreturn msg;","outputs":1,"noerr":0,"initialize":"","finalize":"","x":520,"y":600,"wires":[["ef56208.d6f66e","7d77df3d.d21ed"]]},{"id":"ef56208.d6f66e","type":"debug","z":"99ddcf58.6478","name":"","active":false,"tosidebar":true,"console":false,"tostatus":false,"complete":"true","targetType":"full","statusVal":"","statusType":"auto","x":630,"y":620,"wires":[]},{"id":"cafe05cb.526b88","type":"inject","z":"99ddcf58.6478","name":"","props":[{"p":"payload"},{"p":"topic","vt":"str"}],"repeat":"","crontab":"","once":false,"onceDelay":0.1,"topic":"","payload":"","payloadType":"date","x":300,"y":580,"wires":[["2185c4bb.6dd3bc"]]},{"id":"a6d86501.359648","type":"ui_group","name":"BME680","tab":"cae37eae.4a1c4","order":1,"disp":true,"width":"6","collapse":false},{"id":"cae37eae.4a1c4","type":"ui_tab","name":"ホーム","icon":"dashboard","order":1,"disabled":false,"hidden":false}]