[{"id":"ac1404a2.9d8e08","type":"tab","label":"その３_リモコンカー","disabled":false,"info":""},{"id":"bf11d7e1.b312e8","type":"inject","z":"ac1404a2.9d8e08","name":"","props":[{"p":"payload"},{"p":"topic","vt":"str"}],"repeat":"","crontab":"","once":false,"onceDelay":0.1,"topic":"","payload":"'{\"m1\":0.0,\"m2\":0.0,\"t\":1.0}'","payloadType":"str","x":470,"y":840,"wires":[["3710952d.fe222a","9da21026.d5cf4"]]},{"id":"1e9b8b6c.b3b545","type":"debug","z":"ac1404a2.9d8e08","name":"","active":true,"tosidebar":true,"console":false,"tostatus":false,"complete":"false","x":1190,"y":980,"wires":[]},{"id":"3710952d.fe222a","type":"exec","z":"ac1404a2.9d8e08","command":"sudo python3 /home/pi/10_myproj/20_python/320_pca9685_dc_motor_from_node-red.py","addpay":true,"append":"","useSpawn":"false","timer":"","oldrc":false,"name":"","x":910,"y":900,"wires":[["1e9b8b6c.b3b545"],["1e9b8b6c.b3b545"],["1e9b8b6c.b3b545"]]},{"id":"6d918a88.c76e74","type":"comment","z":"ac1404a2.9d8e08","name":"出力部","info":"","x":470,"y":760,"wires":[]},{"id":"e30a6573.33a4a8","type":"comment","z":"ac1404a2.9d8e08","name":"'{\"m1\":0.5,\"m2\":0.5,\"t\":1.0}'","info":"","x":670,"y":840,"wires":[]},{"id":"9da21026.d5cf4","type":"debug","z":"ac1404a2.9d8e08","name":"","active":true,"tosidebar":true,"console":false,"tostatus":false,"complete":"false","x":440,"y":920,"wires":[]},{"id":"631aafda.95381","type":"json","z":"ac1404a2.9d8e08","name":"","property":"payload","action":"","pretty":false,"x":590,"y":660,"wires":[["cf5350bc.f64c8","e561fe4.68f45"]]},{"id":"f22b782b.b78c98","type":"json","z":"ac1404a2.9d8e08","name":"","property":"payload","action":"","pretty":false,"x":930,"y":680,"wires":[["de2ac9c6.c7d4e8","81077e70.02bb1"]]},{"id":"cf5350bc.f64c8","type":"debug","z":"ac1404a2.9d8e08","name":"","active":true,"tosidebar":true,"console":false,"tostatus":false,"complete":"true","targetType":"full","x":590,"y":700,"wires":[]},{"id":"de2ac9c6.c7d4e8","type":"debug","z":"ac1404a2.9d8e08","name":"","active":false,"tosidebar":true,"console":false,"tostatus":false,"complete":"true","targetType":"full","x":970,"y":740,"wires":[]},{"id":"4bac04b6.5f7e7c","type":"debug","z":"ac1404a2.9d8e08","name":"","active":false,"tosidebar":true,"console":false,"tostatus":false,"complete":"true","targetType":"full","x":430,"y":640,"wires":[]},{"id":"16080508.06fd3b","type":"change","z":"ac1404a2.9d8e08","name":"' →\"","rules":[{"t":"change","p":"payload","pt":"msg","from":"'","fromt":"str","to":"\"","tot":"str"}],"action":"","property":"","from":"","to":"","reg":false,"x":430,"y":600,"wires":[["4bac04b6.5f7e7c","631aafda.95381"]]},{"id":"ebaea16c.296d7","type":"inject","z":"ac1404a2.9d8e08","name":"","props":[{"p":"payload"},{"p":"topic","vt":"str"}],"repeat":"","crontab":"","once":false,"onceDelay":0.1,"topic":"","payload":"{\"m1\":0.5,\"m2\":0.5,\"t\":1.0}","payloadType":"str","x":430,"y":560,"wires":[["16080508.06fd3b"]]},{"id":"adb822a0.90382","type":"comment","z":"ac1404a2.9d8e08","name":"'{\"m1\":0.5,\"m2\":0.5,\"t\":1.0}'","info":"","x":490,"y":520,"wires":[]},{"id":"8d0ea996.a30448","type":"comment","z":"ac1404a2.9d8e08","name":"文字列化","info":"","x":940,"y":620,"wires":[]},{"id":"72e36ca5.390c64","type":"comment","z":"ac1404a2.9d8e08","name":"変数化","info":"","x":590,"y":620,"wires":[]},{"id":"e561fe4.68f45","type":"function","z":"ac1404a2.9d8e08","name":"","func":"msg.payload.t = 2.0;\nreturn msg;","outputs":1,"noerr":0,"initialize":"","finalize":"","x":760,"y":620,"wires":[["f22b782b.b78c98","6d5905bf.9adcbc"]]},{"id":"81077e70.02bb1","type":"function","z":"ac1404a2.9d8e08","name":"msgの前後に”’”追加　（' + msg.payload + '）","func":"var oriji = { payload: msg.payload };\nvar out = { payload: msg.payload };\nout = \"'\";\nout += msg.payload ;\nout += \"'\";\nmsg.payload = out;\n//msg = msg.payload.ch0;\nreturn [oriji,msg];","outputs":2,"noerr":0,"initialize":"","finalize":"","x":1210,"y":700,"wires":[["3c4be20c.7c6a1e"],["7552f790.c717b8","3710952d.fe222a"]]},{"id":"3c4be20c.7c6a1e","type":"debug","z":"ac1404a2.9d8e08","name":"","active":false,"tosidebar":true,"console":false,"tostatus":false,"complete":"false","x":1250,"y":640,"wires":[]},{"id":"7552f790.c717b8","type":"debug","z":"ac1404a2.9d8e08","name":"","active":true,"tosidebar":true,"console":false,"tostatus":false,"complete":"false","x":1250,"y":780,"wires":[]},{"id":"d16ec331.1e75b","type":"debug","z":"ac1404a2.9d8e08","name":"","active":false,"tosidebar":true,"console":false,"tostatus":false,"complete":"true","targetType":"full","x":850,"y":360,"wires":[]},{"id":"36e99b26.7511b4","type":"function","z":"ac1404a2.9d8e08","name":"数値→変数（object)：m2","func":"var oriji = { payload: msg.payload };\nvar out0 = {payload:{\n    m2:0.5}};\nout0.payload.m2 = msg.payload ;\n//servo0 =  oriji ;\n//msg.payload = servo0;\n//msg = msg.payload.ch0;\nreturn [oriji,out0];","outputs":2,"noerr":0,"initialize":"","finalize":"","x":910,"y":400,"wires":[["d16ec331.1e75b"],["ed3c19de.ca2c88","c5c0ffd3.43dac","8f41f13f.28e01"]]},{"id":"ed3c19de.ca2c88","type":"debug","z":"ac1404a2.9d8e08","name":"","active":false,"tosidebar":true,"console":false,"tostatus":false,"complete":"true","targetType":"full","x":830,"y":440,"wires":[]},{"id":"6d5905bf.9adcbc","type":"debug","z":"ac1404a2.9d8e08","name":"","active":true,"tosidebar":true,"console":false,"tostatus":false,"complete":"true","targetType":"full","x":840,"y":780,"wires":[]},{"id":"c99fed96.347d5","type":"comment","z":"ac1404a2.9d8e08","name":"変数（object)として、演算処理","info":"","x":770,"y":580,"wires":[]},{"id":"8f711605.e60bb8","type":"debug","z":"ac1404a2.9d8e08","name":"","active":false,"tosidebar":true,"console":false,"tostatus":false,"complete":"true","targetType":"full","x":850,"y":180,"wires":[]},{"id":"9736dd66.57cd6","type":"function","z":"ac1404a2.9d8e08","name":"数値→変数（object)：m1","func":"var oriji = { payload: msg.payload };\nvar out0 = {payload:{\n    m1:0.5}};\nout0.payload.m1 = msg.payload ;\n//servo0 =  oriji ;\n//msg.payload = servo0;\n//msg = msg.payload.ch0;\nreturn [oriji,out0];","outputs":2,"noerr":0,"initialize":"","finalize":"","x":910,"y":220,"wires":[["8f711605.e60bb8"],["8ffd792f.e57f18","c5c0ffd3.43dac"]]},{"id":"8ffd792f.e57f18","type":"debug","z":"ac1404a2.9d8e08","name":"","active":true,"tosidebar":true,"console":false,"tostatus":false,"complete":"true","targetType":"full","x":850,"y":280,"wires":[]},{"id":"c5c0ffd3.43dac","type":"join","z":"ac1404a2.9d8e08","name":"","mode":"custom","build":"merged","property":"payload","propertyType":"msg","key":"topic","joiner":"\\n","joinerType":"str","accumulate":true,"timeout":"","count":"","reduceRight":false,"reduceExp":"","reduceInit":"","reduceInitType":"num","reduceFixup":"","x":1430,"y":280,"wires":[["7b2e6159.47361","e561fe4.68f45"]]},{"id":"7b2e6159.47361","type":"debug","z":"ac1404a2.9d8e08","name":"","active":true,"tosidebar":true,"console":false,"tostatus":false,"complete":"false","statusVal":"","statusType":"auto","x":1450,"y":320,"wires":[]},{"id":"7aca1379.76c2ec","type":"function","z":"ac1404a2.9d8e08","name":"","func":"context.global.n = 2;\ncontext.global.data = new Array(2);\nmsg.complete = 1;\nreturn msg;","outputs":1,"noerr":0,"initialize":"","finalize":"","x":1360,"y":400,"wires":[["bb26ffbe.76e1f","c5c0ffd3.43dac"]]},{"id":"bb26ffbe.76e1f","type":"debug","z":"ac1404a2.9d8e08","name":"","active":false,"tosidebar":true,"console":false,"tostatus":false,"complete":"true","targetType":"full","statusVal":"","statusType":"auto","x":1450,"y":440,"wires":[]},{"id":"acdc1a37.8ccc28","type":"inject","z":"ac1404a2.9d8e08","name":"","props":[{"p":"payload"},{"p":"topic","vt":"str"}],"repeat":"","crontab":"","once":false,"onceDelay":0.1,"topic":"","payload":"","payloadType":"date","x":1240,"y":460,"wires":[["7aca1379.76c2ec"]]},{"id":"8f41f13f.28e01","type":"delay","z":"ac1404a2.9d8e08","name":"","pauseType":"delay","timeout":"3","timeoutUnits":"seconds","rate":"1","nbRateUnits":"1","rateUnits":"second","randomFirst":"1","randomLast":"5","randomUnits":"seconds","drop":false,"x":1180,"y":400,"wires":[["7aca1379.76c2ec"]]},{"id":"2d133ae6.be3e36","type":"ui_slider","z":"ac1404a2.9d8e08","name":"","label":"前後進","tooltip":"","group":"1c9edd.b188e123","order":5,"width":0,"height":0,"passthru":true,"outs":"all","topic":"","min":"-0.5","max":"0.5","step":"0.05","x":270,"y":300,"wires":[["1acfbdf9.05baf2","9736dd66.57cd6","36e99b26.7511b4"]]},{"id":"1acfbdf9.05baf2","type":"debug","z":"ac1404a2.9d8e08","name":"","active":true,"tosidebar":true,"console":false,"tostatus":false,"complete":"false","statusVal":"","statusType":"auto","x":270,"y":360,"wires":[]},{"id":"37600786.a297b8","type":"comment","z":"ac1404a2.9d8e08","name":"dashboard の slider で、dc_motorの前後進制御","info":"","x":220,"y":240,"wires":[]},{"id":"4761df3.bc4d72","type":"comment","z":"ac1404a2.9d8e08","name":"２つの変数がそろってから次に送る処理","info":"","x":1310,"y":240,"wires":[]},{"id":"9cf4440b.345cb8","type":"inject","z":"ac1404a2.9d8e08","name":"停止：0","props":[{"p":"payload"},{"p":"topic","vt":"str"}],"repeat":"","crontab":"","once":false,"onceDelay":0.1,"topic":"","payload":"0","payloadType":"num","x":130,"y":340,"wires":[["2d133ae6.be3e36"]]},{"id":"bce4bc8e.8d292","type":"inject","z":"ac1404a2.9d8e08","name":"後進：0.5","props":[{"p":"payload"},{"p":"topic","vt":"str"}],"repeat":"","crontab":"","once":false,"onceDelay":0.1,"topic":"","payload":"0.5","payloadType":"num","x":120,"y":380,"wires":[["2d133ae6.be3e36"]]},{"id":"f375b3db.4de9","type":"inject","z":"ac1404a2.9d8e08","name":"前進：-0.5","props":[{"p":"payload"},{"p":"topic","vt":"str"}],"repeat":"","crontab":"","once":false,"onceDelay":0.1,"topic":"","payload":"-0.5","payloadType":"num","x":120,"y":300,"wires":[["2d133ae6.be3e36"]]},{"id":"93ff06a7.03bd98","type":"ui_slider","z":"ac1404a2.9d8e08","name":"","label":"右モータ","tooltip":"","group":"1c9edd.b188e123","order":5,"width":0,"height":0,"passthru":true,"outs":"all","topic":"","min":"-0.5","max":"0.5","step":"0.05","x":640,"y":120,"wires":[["14eadb5f.a7b0c5","9736dd66.57cd6"]]},{"id":"14eadb5f.a7b0c5","type":"debug","z":"ac1404a2.9d8e08","name":"","active":true,"tosidebar":true,"console":false,"tostatus":false,"complete":"false","statusVal":"","statusType":"auto","x":650,"y":180,"wires":[]},{"id":"32a80b6c.488224","type":"inject","z":"ac1404a2.9d8e08","name":"停止：0","props":[{"p":"payload"},{"p":"topic","vt":"str"}],"repeat":"","crontab":"","once":false,"onceDelay":0.1,"topic":"","payload":"0","payloadType":"num","x":490,"y":160,"wires":[["93ff06a7.03bd98"]]},{"id":"79511cbe.ae6e24","type":"inject","z":"ac1404a2.9d8e08","name":"後進：0.5","props":[{"p":"payload"},{"p":"topic","vt":"str"}],"repeat":"","crontab":"","once":false,"onceDelay":0.1,"topic":"","payload":"0.5","payloadType":"num","x":480,"y":200,"wires":[["93ff06a7.03bd98"]]},{"id":"34ad96ff.749bfa","type":"inject","z":"ac1404a2.9d8e08","name":"前進：-0.5","props":[{"p":"payload"},{"p":"topic","vt":"str"}],"repeat":"","crontab":"","once":false,"onceDelay":0.1,"topic":"","payload":"-0.5","payloadType":"num","x":480,"y":120,"wires":[["93ff06a7.03bd98"]]},{"id":"717421f0.1c871","type":"comment","z":"ac1404a2.9d8e08","name":"右モータ","info":"","x":480,"y":60,"wires":[]},{"id":"425855e9.0ddc1c","type":"ui_slider","z":"ac1404a2.9d8e08","name":"","label":"左モータ","tooltip":"","group":"1c9edd.b188e123","order":5,"width":0,"height":0,"passthru":true,"outs":"all","topic":"","min":"-0.5","max":"0.5","step":"0.05","x":620,"y":380,"wires":[["52a2a28d.f9fedc","36e99b26.7511b4"]]},{"id":"52a2a28d.f9fedc","type":"debug","z":"ac1404a2.9d8e08","name":"","active":true,"tosidebar":true,"console":false,"tostatus":false,"complete":"false","statusVal":"","statusType":"auto","x":630,"y":440,"wires":[]},{"id":"5b59a297.eb618c","type":"inject","z":"ac1404a2.9d8e08","name":"停止：0","props":[{"p":"payload"},{"p":"topic","vt":"str"}],"repeat":"","crontab":"","once":false,"onceDelay":0.1,"topic":"","payload":"0","payloadType":"num","x":470,"y":420,"wires":[["425855e9.0ddc1c"]]},{"id":"dda7c1a8.dbe2f","type":"inject","z":"ac1404a2.9d8e08","name":"後進：0.5","props":[{"p":"payload"},{"p":"topic","vt":"str"}],"repeat":"","crontab":"","once":false,"onceDelay":0.1,"topic":"","payload":"0.5","payloadType":"num","x":460,"y":460,"wires":[["425855e9.0ddc1c"]]},{"id":"365cdd62.0f9d42","type":"inject","z":"ac1404a2.9d8e08","name":"前進：-0.5","props":[{"p":"payload"},{"p":"topic","vt":"str"}],"repeat":"","crontab":"","once":false,"onceDelay":0.1,"topic":"","payload":"-0.5","payloadType":"num","x":460,"y":380,"wires":[["425855e9.0ddc1c"]]},{"id":"bd69c4ad.67f158","type":"comment","z":"ac1404a2.9d8e08","name":"左モータ","info":"","x":460,"y":320,"wires":[]},{"id":"1c9edd.b188e123","type":"ui_group","name":"リモコンカー","tab":"cae37eae.4a1c4","order":3,"disp":true,"width":"6","collapse":false},{"id":"cae37eae.4a1c4","type":"ui_tab","name":"ホーム","icon":"dashboard","order":1,"disabled":false,"hidden":false}]