[{"id":"4d6958ec.559568","type":"tab","label":"⑥SGP30（eCO2)","disabled":false,"info":""},{"id":"4af9df66.ecfed","type":"mqtt in","z":"4d6958ec.559568","name":"","topic":"sgp30","qos":"2","datatype":"auto","broker":"678d83f4.129f7c","x":250,"y":100,"wires":[["54ecd9c1.2dd118","934eb9ca.9c24c8"]]},{"id":"54ecd9c1.2dd118","type":"debug","z":"4d6958ec.559568","name":"","active":false,"tosidebar":true,"console":false,"tostatus":false,"complete":"false","statusVal":"","statusType":"auto","x":470,"y":120,"wires":[]},{"id":"af7843f2.3c873","type":"comment","z":"4d6958ec.559568","name":"{\"sgp30_eCO2\": 409, \"sgp30_TVOC\": 6}","info":"","x":380,"y":60,"wires":[]},{"id":"6ad39e42.41788","type":"inject","z":"4d6958ec.559568","name":"5秒間隔で、自動起動","props":[{"p":"payload"},{"p":"topic","vt":"str"}],"repeat":"5","crontab":"","once":false,"onceDelay":0.1,"topic":"","payload":"","payloadType":"date","x":220,"y":660,"wires":[["d6324e5c.2db5a"]]},{"id":"d6324e5c.2db5a","type":"exec","z":"4d6958ec.559568","command":"sudo python3 /home/pi/10_myproj/20_python/10_77_bme280_to_node-red.py","addpay":false,"append":"","useSpawn":"false","timer":"","oldrc":false,"name":"","x":640,"y":660,"wires":[["9d0d0444.3c0728","bb8b126a.58d52"],["9d0d0444.3c0728"],["9d0d0444.3c0728"]]},{"id":"9d0d0444.3c0728","type":"debug","z":"4d6958ec.559568","name":"","active":false,"tosidebar":true,"console":true,"tostatus":true,"complete":"payload","targetType":"msg","x":900,"y":580,"wires":[]},{"id":"cbb7df01.45a96","type":"catch","z":"4d6958ec.559568","name":"","scope":["d6324e5c.2db5a"],"uncaught":false,"x":430,"y":600,"wires":[["4536ba27.d35d54"]]},{"id":"4536ba27.d35d54","type":"debug","z":"4d6958ec.559568","name":"","active":true,"tosidebar":true,"console":false,"tostatus":false,"complete":"false","x":630,"y":600,"wires":[]},{"id":"bb8b126a.58d52","type":"change","z":"4d6958ec.559568","name":"","rules":[{"t":"change","p":"payload","pt":"msg","from":"'","fromt":"str","to":"\"","tot":"str"}],"action":"","property":"","from":"","to":"","reg":false,"x":480,"y":700,"wires":[["ede98026.bac4b","a732bfe2.f8da8"]]},{"id":"ede98026.bac4b","type":"debug","z":"4d6958ec.559568","name":"","active":false,"tosidebar":true,"console":false,"tostatus":false,"complete":"false","x":510,"y":740,"wires":[]},{"id":"a732bfe2.f8da8","type":"json","z":"4d6958ec.559568","name":"","property":"payload","action":"","pretty":false,"x":670,"y":760,"wires":[["2237bcd2.b714e4","478e7723.a5c858"]]},{"id":"2237bcd2.b714e4","type":"debug","z":"4d6958ec.559568","name":"","active":false,"tosidebar":true,"console":false,"tostatus":false,"complete":"true","targetType":"full","x":830,"y":760,"wires":[]},{"id":"c4e9b884.1508b8","type":"comment","z":"4d6958ec.559568","name":"{'Temp': 15.0,'Gas': 30510,'Humi': 41.4,'Press': 1010.520,'Alti': 22.75}","info":"","x":430,"y":560,"wires":[]},{"id":"dd475c77.550f9","type":"comment","z":"4d6958ec.559568","name":"センサ：BME280から、温度、湿度、気圧取得","info":"","x":320,"y":500,"wires":[]},{"id":"6daa94e8.9b4f5c","type":"comment","z":"4d6958ec.559568","name":"変数化","info":"","x":470,"y":780,"wires":[]},{"id":"17d5a94f.589dc7","type":"inject","z":"4d6958ec.559568","name":"試験用","props":[{"p":"payload"},{"p":"topic","vt":"str"}],"repeat":"","crontab":"","once":false,"onceDelay":0.1,"topic":"","payload":"","payloadType":"date","x":190,"y":700,"wires":[["d6324e5c.2db5a"]]},{"id":"813c57f7.057278","type":"function","z":"4d6958ec.559568","name":"","func":"var temp={payload:msg.payload.Temp};\n//var gas={payload:msg.payload.Gas};\nvar humi={payload:msg.payload.Humi};\nvar press={payload:msg.payload.Press};\nvar wbgt={payload:msg.payload.Wbgt};\nvar sgp30_eCO2=global.get(\"sgp30_eCO2\");\nvar sgp30_TVOC=global.get(\"sgp30_TVOC\");\n\n\n//return [temp,humi,press,wbgt];\nreturn [temp,humi,press,wbgt,sgp30_eCO2,sgp30_TVOC];","outputs":6,"noerr":0,"initialize":"","finalize":"","x":1120,"y":1200,"wires":[["f8e62adc.265838","4e21b0de.6769e"],["35bcb299.982a0e","18cf4c7b.05b694"],["267f3dd7.250722","b783079e.1944c8"],["6f77f8f9.f984b8","e8adc68f.db07f8"],["b98f4fe1.55cd5","ffc6aaa2.46a018"],["c895fce7.fa625","e6460db6.bf466"]]},{"id":"f8e62adc.265838","type":"debug","z":"4d6958ec.559568","name":"","active":false,"tosidebar":true,"console":false,"tostatus":false,"complete":"false","x":1370,"y":1100,"wires":[]},{"id":"35bcb299.982a0e","type":"debug","z":"4d6958ec.559568","name":"","active":false,"tosidebar":true,"console":false,"tostatus":false,"complete":"false","x":1370,"y":1180,"wires":[]},{"id":"267f3dd7.250722","type":"debug","z":"4d6958ec.559568","name":"","active":false,"tosidebar":true,"console":false,"tostatus":false,"complete":"false","x":1370,"y":1240,"wires":[]},{"id":"6f77f8f9.f984b8","type":"debug","z":"4d6958ec.559568","name":"","active":false,"tosidebar":true,"console":false,"tostatus":false,"complete":"false","x":1390,"y":1300,"wires":[]},{"id":"b98f4fe1.55cd5","type":"debug","z":"4d6958ec.559568","name":"","active":false,"tosidebar":true,"console":false,"tostatus":false,"complete":"false","x":1410,"y":1400,"wires":[]},{"id":"478e7723.a5c858","type":"function","z":"4d6958ec.559568","name":"熱中症指数：ＷＢＧＴ計算","func":"//signed long int  wbgt_getData() {\n    var temp ;  \n    var hum ;    \n    var preshigh ;    \n    temp = msg.payload.Temp;  \n    hum = msg.payload.Humi;    \n    preshigh = msg.payload.Press;    \n        \n    //char str_temp[10];\n    //double wbgt = 0.0;\n    //double tempi = 30.5, humi = 60.0;\n    //double Yi = 0.90739, Xi = 0.14775;\n    //double YXi = -0.003665, aveall = 27.77;\n    //float temp = temp_act;\n    //float hum = hum_act;\n    //float preshigh = press_act;\n    //var str_temp[10];\n    var wbgt ;//= 0.0;\n    var tempi = 30.5, humi = 60.0;\n    var Yi = 0.90739, Xi = 0.14775;\n    var YXi = -0.003665, aveall = 27.77;\n    //var temp = temp_act;\n    //var hum = hum_act;\n    //var preshigh = press_act;\n    \n    //wbgt = (temp - tempi) * Yi;\n    wbgt = (temp - tempi) ;\n    \n    wbgt = wbgt + ( hum - humi) * Xi;\n    wbgt = wbgt + (temp - tempi) * ( hum - humi) * YXi + aveall;\n    msg.payload.Wbgt = wbgt;\n    //return wbgt ;\n//}\n\nreturn msg;","outputs":1,"noerr":0,"initialize":"","finalize":"","x":460,"y":1460,"wires":[["adb278a7.b8cc68","c428b8ad.5d6dc8"]]},{"id":"adb278a7.b8cc68","type":"debug","z":"4d6958ec.559568","name":"","active":false,"tosidebar":true,"console":false,"tostatus":false,"complete":"true","targetType":"full","statusVal":"","statusType":"auto","x":510,"y":1500,"wires":[]},{"id":"2ddb0d90.a11362","type":"comment","z":"4d6958ec.559568","name":"ｄａｓｈｂｏａｒｄに表示","info":"","x":1130,"y":1120,"wires":[]},{"id":"1ec4993e.3c93b7","type":"comment","z":"4d6958ec.559568","name":"{\"Temp\":14.8,\"Gas\":40651,\"Humi\":46.9,\"Press\":1009.93,\"Alti\":27.68,\"Wbgt\":9.3,\"Awet\":0.00059}","info":"","x":600,"y":1620,"wires":[]},{"id":"eb7f4bb0.d60dc8","type":"function","z":"4d6958ec.559568","name":"変数の最終出力　接続のみ","func":"\nreturn msg;","outputs":1,"noerr":0,"initialize":"","finalize":"","x":800,"y":1420,"wires":[["79c77119.7feb7","813c57f7.057278","24b43702.ea1128","6843ee5.d87971"]]},{"id":"79c77119.7feb7","type":"debug","z":"4d6958ec.559568","name":"","active":false,"tosidebar":true,"console":false,"tostatus":false,"complete":"false","statusVal":"","statusType":"auto","x":830,"y":1500,"wires":[]},{"id":"c428b8ad.5d6dc8","type":"function","z":"4d6958ec.559568","name":"飽和水蒸気圧　計算","func":"//signed long int  awet_getData() {\n    //float temp = temp_act;  \n    //float hum = hum_act;    \n    //double ewet = 0.0 , awet = 0.0  ;\n    //var temp = temp_act;  \n    //var hum = hum_act;    \n    var temp ;  \n    var hum ;    \n    temp = msg.payload.Temp;  \n    hum = msg.payload.Humi;    \n    //試験用 温度21度、相対湿度40％　絶対湿度（ｇ/ｍ３）\n    //temp = 30.0;\n    //hum = 80 ;\n    \n//C2 温度\n//C3　相対湿度\n//C4 飽和水蒸気量=+C2^4*0.000002614+C2^3*0.0001626+C2^2*0.0096498+C2*0.34455+4.7838\n//C5 飽和水蒸気分圧=+C2^4*0.000004644+C2^3*0.00008715+C2^2*0.01284+0.31787*C2+4.603\n//C6 水蒸気分圧=+C5*C3/100\n//C7 絶対湿度=0.622*C6/(760-C6)*1000\n//C8 エンタルピー=(1.006*C2+(1.0805*C2+2501)*C7/1000)/4.2\n//C9 比容積=461.6*(0.622+C7/1000)*(273+C2)/101325\nvar C2,C3,C4,C5,C6,C7,C8;\nC2 = temp;\nC3 = hum;\nC4 = Math.pow(C2,4)*0.000002614+Math.pow(C2,3)*0.0001626+Math.pow(C2,2)*0.0096498+C2*0.34455+4.7838;\nC5 = Math.pow(C2,4)*0.000004644+Math.pow(C2,3)*0.00008715+Math.pow(C2,2)*0.01284+0.31787*C2+4.603;\nC6 = C5*C3/100;\nC7 = 0.622*C6/(760-C6)*1000;\nC8 = (1.006*C2+(1.0805*C2+2501)*C7/1000)/4.2;\nC9 = 461.6*(0.622+C7/1000)*(273+C2)/101325;\n\n\n\n\n    //msg.payload = C7;\n    msg.payload.Awet = C7;\n //   return awet ;\n//}\n\nreturn msg;","outputs":1,"noerr":0,"initialize":"","finalize":"","x":460,"y":1540,"wires":[["f71b8e95.f1183","eb7f4bb0.d60dc8"]]},{"id":"f71b8e95.f1183","type":"debug","z":"4d6958ec.559568","name":"","active":false,"tosidebar":true,"console":false,"tostatus":false,"complete":"true","targetType":"full","statusVal":"","statusType":"auto","x":570,"y":1560,"wires":[]},{"id":"d7e0ebc9.cfa7b8","type":"inject","z":"4d6958ec.559568","name":"","props":[{"p":"payload"},{"p":"topic","vt":"str"}],"repeat":"","crontab":"","once":false,"onceDelay":0.1,"topic":"","payload":"","payloadType":"date","x":240,"y":1520,"wires":[["c428b8ad.5d6dc8"]]},{"id":"4e21b0de.6769e","type":"ui_chart","z":"4d6958ec.559568","name":"","group":"a6d86501.359648","order":0,"width":0,"height":0,"label":"temp","chartType":"line","legend":"false","xformat":"HH:mm:ss","interpolate":"linear","nodata":"","dot":false,"ymin":"","ymax":"","removeOlder":1,"removeOlderPoints":"","removeOlderUnit":"604800","cutout":0,"useOneColor":false,"useUTC":false,"colors":["#1f77b4","#aec7e8","#ff7f0e","#2ca02c","#98df8a","#d62728","#ff9896","#9467bd","#c5b0d5"],"outputs":1,"x":1390,"y":1060,"wires":[[]]},{"id":"18cf4c7b.05b694","type":"ui_chart","z":"4d6958ec.559568","name":"","group":"a6d86501.359648","order":2,"width":0,"height":0,"label":"humi","chartType":"line","legend":"false","xformat":"HH:mm:ss","interpolate":"linear","nodata":"","dot":false,"ymin":"","ymax":"","removeOlder":1,"removeOlderPoints":"","removeOlderUnit":"604800","cutout":0,"useOneColor":false,"useUTC":false,"colors":["#1f77b4","#aec7e8","#ff7f0e","#2ca02c","#98df8a","#d62728","#ff9896","#9467bd","#c5b0d5"],"outputs":1,"x":1370,"y":1140,"wires":[[]]},{"id":"b783079e.1944c8","type":"ui_chart","z":"4d6958ec.559568","name":"","group":"a6d86501.359648","order":3,"width":0,"height":0,"label":"press","chartType":"line","legend":"false","xformat":"HH:mm:ss","interpolate":"linear","nodata":"","dot":false,"ymin":"","ymax":"","removeOlder":1,"removeOlderPoints":"","removeOlderUnit":"604800","cutout":0,"useOneColor":false,"useUTC":false,"colors":["#1f77b4","#aec7e8","#ff7f0e","#2ca02c","#98df8a","#d62728","#ff9896","#9467bd","#c5b0d5"],"outputs":1,"x":1410,"y":1220,"wires":[[]]},{"id":"e8adc68f.db07f8","type":"ui_chart","z":"4d6958ec.559568","name":"","group":"a6d86501.359648","order":4,"width":0,"height":0,"label":"熱中症指数:wbgt","chartType":"line","legend":"false","xformat":"HH:mm:ss","interpolate":"linear","nodata":"","dot":false,"ymin":"","ymax":"","removeOlder":1,"removeOlderPoints":"","removeOlderUnit":"604800","cutout":0,"useOneColor":false,"useUTC":false,"colors":["#1f77b4","#aec7e8","#ff7f0e","#2ca02c","#98df8a","#d62728","#ff9896","#9467bd","#c5b0d5"],"outputs":1,"x":1420,"y":1260,"wires":[[]]},{"id":"56400b5.90780f4","type":"inject","z":"4d6958ec.559568","name":"","props":[{"p":"payload"},{"p":"topic","vt":"str"}],"repeat":"","crontab":"","once":false,"onceDelay":0.1,"topic":"","payload":" '{\"line1\":\"cmd_line1\",\"line2\":\"line2\",\"line3\":\"line3\",\"line4\":\"line4\"}'","payloadType":"str","x":1150,"y":600,"wires":[["984f2574.e03f98","a64e0af5.cd3c38"]]},{"id":"27177396.966f1c","type":"debug","z":"4d6958ec.559568","name":"","active":false,"tosidebar":true,"console":false,"tostatus":false,"complete":"false","x":1790,"y":680,"wires":[]},{"id":"984f2574.e03f98","type":"exec","z":"4d6958ec.559568","command":"sudo python3 /home/pi/10_myproj/20_python/220_LCD2004_i2clcdb.py","addpay":true,"append":"","useSpawn":"false","timer":"","oldrc":false,"name":"","x":1580,"y":620,"wires":[["27177396.966f1c"],["27177396.966f1c"],["27177396.966f1c"]]},{"id":"309f7320.5e556c","type":"comment","z":"4d6958ec.559568","name":"表示出力部","info":"","x":1140,"y":560,"wires":[]},{"id":"ec68d289.85383","type":"comment","z":"4d6958ec.559568","name":" '{\"line1\":\"cmd_line1\",\"line2\":\"line2\",\"line3\":\"line3\",\"line4\":\"line4\"}'","info":"","x":1450,"y":560,"wires":[]},{"id":"a64e0af5.cd3c38","type":"debug","z":"4d6958ec.559568","name":"","active":true,"tosidebar":true,"console":false,"tostatus":false,"complete":"false","x":1160,"y":640,"wires":[]},{"id":"490f3807.0a7b48","type":"json","z":"4d6958ec.559568","name":"","property":"payload","action":"","pretty":false,"x":1310,"y":820,"wires":[["d021b8be.7248f8","2b2ca64.d79e25a"]]},{"id":"c60ff252.d75e3","type":"json","z":"4d6958ec.559568","name":"","property":"payload","action":"","pretty":false,"x":1570,"y":920,"wires":[["a0cac76e.284278","bf004a38.e23458"]]},{"id":"d021b8be.7248f8","type":"debug","z":"4d6958ec.559568","name":"","active":true,"tosidebar":true,"console":false,"tostatus":false,"complete":"true","targetType":"full","x":1310,"y":860,"wires":[]},{"id":"a0cac76e.284278","type":"debug","z":"4d6958ec.559568","name":"","active":false,"tosidebar":true,"console":false,"tostatus":false,"complete":"true","targetType":"full","x":1570,"y":960,"wires":[]},{"id":"fec34f1c.514dd","type":"debug","z":"4d6958ec.559568","name":"","active":false,"tosidebar":true,"console":false,"tostatus":false,"complete":"true","targetType":"full","x":1150,"y":840,"wires":[]},{"id":"4dc69228.50a43c","type":"change","z":"4d6958ec.559568","name":"' →\"","rules":[{"t":"change","p":"payload","pt":"msg","from":"'","fromt":"str","to":"\"","tot":"str"}],"action":"","property":"","from":"","to":"","reg":false,"x":1150,"y":800,"wires":[["fec34f1c.514dd","490f3807.0a7b48"]]},{"id":"7464c18f.4e258","type":"inject","z":"4d6958ec.559568","name":"","props":[{"p":"payload"},{"p":"topic","vt":"str"}],"repeat":"","crontab":"","once":false,"onceDelay":0.1,"topic":"","payload":"{\"line1\":\"cmd_line1\",\"line2\":\"line2\",\"line3\":\"line3\",\"line4\":\"line4\"}","payloadType":"str","x":1150,"y":760,"wires":[["4dc69228.50a43c"]]},{"id":"1b5ebe46.de8382","type":"comment","z":"4d6958ec.559568","name":"文字列化","info":"","x":1560,"y":880,"wires":[]},{"id":"b80e3fae.b0e1b","type":"comment","z":"4d6958ec.559568","name":"変数化","info":"","x":1310,"y":780,"wires":[]},{"id":"bf004a38.e23458","type":"function","z":"4d6958ec.559568","name":"","func":"var oriji = { payload: msg.payload };\nvar out = { payload: msg.payload };\nout = \"'\";\nout += msg.payload ;\nout += \"'\";\nmsg.payload = out;\n//msg = msg.payload.ch0;\nreturn [oriji,msg];","outputs":2,"noerr":0,"initialize":"","finalize":"","x":1740,"y":920,"wires":[["a83a1d5e.c09ca"],["d891a36.5904a6","984f2574.e03f98"]]},{"id":"a83a1d5e.c09ca","type":"debug","z":"4d6958ec.559568","name":"","active":false,"tosidebar":true,"console":false,"tostatus":false,"complete":"false","x":1750,"y":880,"wires":[]},{"id":"d891a36.5904a6","type":"debug","z":"4d6958ec.559568","name":"","active":false,"tosidebar":true,"console":false,"tostatus":false,"complete":"false","x":1770,"y":960,"wires":[]},{"id":"24b43702.ea1128","type":"function","z":"4d6958ec.559568","name":"表示用文字列作成","func":"const date = new Date();\nconst hour = date.getHours();\nconst minutes = date.getMinutes();\nconst seconds = date.getSeconds();\nconst localeDate = date.toLocaleDateString();\nconst localeTime = date.toLocaleTimeString();\n\n\n\n\n    //var wbgt = msg.payload;\n    var temp = msg[\"payload\"].Temp;\n    var humi = msg[\"payload\"].Humi;\n    var press = msg[\"payload\"].Press;\n   // var gas = msg[\"payload\"].Gas;\n    var wbgt = msg[\"payload\"].Wbgt;\n    var awet = msg[\"payload\"].Awet;\n    //var air = msg[\"payload\"].Air;\n    //var co2 = msg[\"payload\"].co2;\n    //sgp30_eCO2 = global.get(\"sgp30_eCO2\");\n    //sgp30_TVOC = global.get(\"sgp30_TVOC\");\n    //eCO2 = global.get('sgp30_eCO2');\n    //TVOC = global.get('sgp30_TVOC');\n    //var eCO2 = str(msg.payload.global.sgp30_eCO2);\n    //var TVOC = str(msg.payload.global.sgp30_TVOC);\n    var eCO2=global.get(\"sgp30_eCO2\");\n    var TVOC=global.get(\"sgp30_TVOC\");\n\n    //var line1 = hour + \":\" + minutes + \":\" + seconds;   \n    var line1 = localeDate + \" \" + localeTime;   \n\n    var line2 =\"T:\"+ temp.toFixed(1) + \" H:\"+ humi.toFixed(0) + \" P:\"+ press.toFixed(0) ;   \n    //var line2 =\"P:\"+ press.toFixed(0) ;   \n\n    var line3 =\"eCO2:\" + eCO2.payload + \" TVOC:\" + TVOC.payload;   \n    \n    var line4 =\"wbgt:\"+ wbgt.toFixed(1) + \" awet:\"　+ awet.toFixed(2);   \n    \n    msg.payload = {\"line1\":line1,\"line2\":line2,\"line3\":line3,\"line4\":line4};\n//}\nreturn msg;","outputs":1,"noerr":0,"initialize":"","finalize":"","x":1130,"y":920,"wires":[["b9e07322.00b49","2b2ca64.d79e25a"]]},{"id":"b9e07322.00b49","type":"debug","z":"4d6958ec.559568","name":"","active":false,"tosidebar":true,"console":false,"tostatus":false,"complete":"true","targetType":"full","x":1130,"y":1000,"wires":[]},{"id":"1cdd4503.f5c1fb","type":"comment","z":"4d6958ec.559568","name":"表示処理部","info":"","x":1160,"y":720,"wires":[]},{"id":"5fe667f6.562028","type":"comment","z":"4d6958ec.559568","name":"{\"line1\":\"cmd_line1\",\"line2\":\"line2\",\"line3\":\"line3\",\"line4\":\"line4\"}","info":"","x":1550,"y":740,"wires":[]},{"id":"6cb99c5f.9884a4","type":"inject","z":"4d6958ec.559568","name":"","props":[{"p":"payload"},{"p":"topic","vt":"str"}],"repeat":"","crontab":"","once":false,"onceDelay":0.1,"topic":"","payload":"","payloadType":"date","x":1160,"y":860,"wires":[["24b43702.ea1128"]]},{"id":"2b2ca64.d79e25a","type":"function","z":"4d6958ec.559568","name":"接続用","func":"\nreturn msg;","outputs":1,"noerr":0,"initialize":"","finalize":"","x":1450,"y":920,"wires":[["c60ff252.d75e3"]]},{"id":"c388815b.44384","type":"comment","z":"4d6958ec.559568","name":"LCD：LCD2004に表示","info":"","x":1190,"y":500,"wires":[]},{"id":"b4e956eb.f21198","type":"inject","z":"4d6958ec.559568","name":"","props":[{"p":"payload"},{"p":"topic","vt":"str"}],"repeat":"","crontab":"","once":false,"onceDelay":0.1,"topic":"","payload":"","payloadType":"date","x":350,"y":440,"wires":[["4bb7dda8.25f804"]]},{"id":"2ce610b7.e3132","type":"debug","z":"4d6958ec.559568","name":"","active":true,"tosidebar":true,"console":false,"tostatus":false,"complete":"false","statusVal":"","statusType":"auto","x":940,"y":440,"wires":[]},{"id":"4bb7dda8.25f804","type":"exec","z":"4d6958ec.559568","command":"sudo halt","addpay":false,"append":"","useSpawn":"false","timer":"","oldrc":false,"name":"","x":570,"y":460,"wires":[["2ce610b7.e3132"],[],[]]},{"id":"130d44e9.a6673b","type":"inject","z":"4d6958ec.559568","d":true,"name":"5秒間隔で、自動起動","props":[{"p":"payload"},{"p":"topic","vt":"str"}],"repeat":"5","crontab":"","once":false,"onceDelay":0.1,"topic":"","payload":"","payloadType":"date","x":220,"y":1220,"wires":[["8de175ab.299ff8"]]},{"id":"8de175ab.299ff8","type":"exec","z":"4d6958ec.559568","command":"sudo python3 /home/pi/10_myproj/20_python/113_bme280_ccs811_to_node-red.py","addpay":false,"append":"","useSpawn":"false","timer":"","oldrc":false,"name":"","x":660,"y":1220,"wires":[["59ce2f8e.ead5","fa5adb8.0595728"],["59ce2f8e.ead5"],["59ce2f8e.ead5"]]},{"id":"59ce2f8e.ead5","type":"debug","z":"4d6958ec.559568","name":"","active":false,"tosidebar":true,"console":true,"tostatus":true,"complete":"payload","targetType":"msg","x":900,"y":1140,"wires":[]},{"id":"fa5adb8.0595728","type":"change","z":"4d6958ec.559568","name":"","rules":[{"t":"change","p":"payload","pt":"msg","from":"'","fromt":"str","to":"\"","tot":"str"}],"action":"","property":"","from":"","to":"","reg":false,"x":480,"y":1260,"wires":[["e2a21369.b0d2b","aa5df48f.0a1bd8"]]},{"id":"e2a21369.b0d2b","type":"debug","z":"4d6958ec.559568","name":"","active":false,"tosidebar":true,"console":false,"tostatus":false,"complete":"false","x":510,"y":1300,"wires":[]},{"id":"aa5df48f.0a1bd8","type":"json","z":"4d6958ec.559568","name":"","property":"payload","action":"","pretty":false,"x":670,"y":1320,"wires":[["d5c9973a.96df78"]]},{"id":"d5c9973a.96df78","type":"debug","z":"4d6958ec.559568","name":"","active":true,"tosidebar":true,"console":false,"tostatus":false,"complete":"true","targetType":"full","x":830,"y":1320,"wires":[]},{"id":"68c3142f.45cdac","type":"comment","z":"4d6958ec.559568","name":"変数化","info":"","x":470,"y":1340,"wires":[]},{"id":"3f228105.11968e","type":"inject","z":"4d6958ec.559568","name":"試験用","props":[{"p":"payload"},{"p":"topic","vt":"str"}],"repeat":"","crontab":"","once":false,"onceDelay":0.1,"topic":"","payload":"","payloadType":"date","x":190,"y":1260,"wires":[["8de175ab.299ff8"]]},{"id":"e51f4f66.18c41","type":"inject","z":"4d6958ec.559568","d":true,"name":"5秒間隔で、自動起動","props":[{"p":"payload"},{"p":"topic","vt":"str"}],"repeat":"5","crontab":"","once":false,"onceDelay":0.1,"topic":"","payload":"","payloadType":"date","x":200,"y":920,"wires":[["d7f6f61b.beb3b8"]]},{"id":"d7f6f61b.beb3b8","type":"exec","z":"4d6958ec.559568","command":"sudo python3 /home/pi/10_myproj/20_python/10_76_bme280_to_node-red.py","addpay":false,"append":"","useSpawn":"false","timer":"","oldrc":false,"name":"","x":620,"y":920,"wires":[["d2f215c0.6479d8","bb89862c.fc7ae8"],["d2f215c0.6479d8"],["d2f215c0.6479d8"]]},{"id":"d2f215c0.6479d8","type":"debug","z":"4d6958ec.559568","name":"","active":false,"tosidebar":true,"console":true,"tostatus":true,"complete":"payload","targetType":"msg","x":880,"y":840,"wires":[]},{"id":"1361182d.b89168","type":"catch","z":"4d6958ec.559568","name":"","scope":["d7f6f61b.beb3b8"],"uncaught":false,"x":410,"y":860,"wires":[["beb4cafe.909ae8"]]},{"id":"beb4cafe.909ae8","type":"debug","z":"4d6958ec.559568","name":"","active":true,"tosidebar":true,"console":false,"tostatus":false,"complete":"false","x":610,"y":860,"wires":[]},{"id":"bb89862c.fc7ae8","type":"change","z":"4d6958ec.559568","name":"","rules":[{"t":"change","p":"payload","pt":"msg","from":"'","fromt":"str","to":"\"","tot":"str"}],"action":"","property":"","from":"","to":"","reg":false,"x":460,"y":960,"wires":[["f2abc3ef.3a6f5","da5a4d27.15fe4"]]},{"id":"f2abc3ef.3a6f5","type":"debug","z":"4d6958ec.559568","name":"","active":false,"tosidebar":true,"console":false,"tostatus":false,"complete":"false","x":490,"y":1000,"wires":[]},{"id":"da5a4d27.15fe4","type":"json","z":"4d6958ec.559568","name":"","property":"payload","action":"","pretty":false,"x":650,"y":1020,"wires":[["ab3f9307.f0d37"]]},{"id":"ab3f9307.f0d37","type":"debug","z":"4d6958ec.559568","name":"","active":true,"tosidebar":true,"console":false,"tostatus":false,"complete":"true","targetType":"full","x":810,"y":1020,"wires":[]},{"id":"d3d8df45.a69b1","type":"comment","z":"4d6958ec.559568","name":"{'Temp': 15.0,'Gas': 30510,'Humi': 41.4,'Press': 1010.520,'Alti': 22.75}","info":"","x":410,"y":820,"wires":[]},{"id":"5765afc.1cdf95","type":"comment","z":"4d6958ec.559568","name":"変数化","info":"","x":450,"y":1040,"wires":[]},{"id":"822d4ca9.85173","type":"inject","z":"4d6958ec.559568","name":"試験用","props":[{"p":"payload"},{"p":"topic","vt":"str"}],"repeat":"","crontab":"","once":false,"onceDelay":0.1,"topic":"","payload":"","payloadType":"date","x":170,"y":960,"wires":[["d7f6f61b.beb3b8"]]},{"id":"934eb9ca.9c24c8","type":"change","z":"4d6958ec.559568","name":"","rules":[{"t":"change","p":"payload","pt":"msg","from":"'","fromt":"str","to":"\"","tot":"str"}],"action":"","property":"","from":"","to":"","reg":false,"x":360,"y":180,"wires":[["a12b5f80.952e8","eea895b9.ac2d38"]]},{"id":"a12b5f80.952e8","type":"debug","z":"4d6958ec.559568","name":"","active":false,"tosidebar":true,"console":false,"tostatus":false,"complete":"false","x":390,"y":220,"wires":[]},{"id":"eea895b9.ac2d38","type":"json","z":"4d6958ec.559568","name":"","property":"payload","action":"","pretty":false,"x":550,"y":240,"wires":[["85004995.824858","2d145daa.fe0b62"]]},{"id":"85004995.824858","type":"debug","z":"4d6958ec.559568","name":"","active":false,"tosidebar":true,"console":false,"tostatus":false,"complete":"true","targetType":"full","x":550,"y":280,"wires":[]},{"id":"74e0983f.1c0328","type":"comment","z":"4d6958ec.559568","name":"変数化","info":"","x":350,"y":260,"wires":[]},{"id":"16ce958.bea1f6b","type":"comment","z":"4d6958ec.559568","name":"{\"topic\":\"sgp30\",\"payload\":{\"sgp30_eCO2\":404,\"sgp30_TVOC\":11},\"qos\":1,\"retain\":false,\"_topic\":\"sgp30\",\"_msgid\":\"cf6fb68d.3d8358\"}","info":"","x":990,"y":180,"wires":[]},{"id":"d16f3fa0.68a26","type":"debug","z":"4d6958ec.559568","name":"","active":false,"tosidebar":true,"console":false,"tostatus":false,"complete":"true","targetType":"full","statusVal":"","statusType":"auto","x":900,"y":300,"wires":[]},{"id":"9f4f1722.d34168","type":"inject","z":"4d6958ec.559568","name":"","props":[{"p":"payload"},{"p":"topic","vt":"str"}],"repeat":"","crontab":"","once":false,"onceDelay":0.1,"topic":"","payload":"","payloadType":"date","x":1110,"y":240,"wires":[["293c6dfb.2da5e2"]]},{"id":"293c6dfb.2da5e2","type":"function","z":"4d6958ec.559568","name":"","func":"//var temp={payload:msg.payload.Temp};\n//var gas={payload:msg.payload.Gas};\n//var humi={payload:msg.payload.Humi};\n//var press={payload:msg.payload.Press};\n//var wbgt={payload:msg.payload.Wbgt};\nvar sgp30_eCO2=global.get(\"sgp30_eCO2\");\nvar sgp30_TVOC=global.get(\"sgp30_TVOC\");\n\n//return [temp,humi,press,wbgt];\nreturn [sgp30_eCO2,sgp30_TVOC];","outputs":2,"noerr":0,"initialize":"","finalize":"","x":1320,"y":280,"wires":[["fc981481.434bb8"],["d36f1375.c65c4"]]},{"id":"fc981481.434bb8","type":"debug","z":"4d6958ec.559568","name":"","active":false,"tosidebar":true,"console":false,"tostatus":false,"complete":"false","statusVal":"","statusType":"auto","x":1620,"y":260,"wires":[]},{"id":"d36f1375.c65c4","type":"debug","z":"4d6958ec.559568","name":"","active":false,"tosidebar":true,"console":false,"tostatus":false,"complete":"false","statusVal":"","statusType":"auto","x":1640,"y":320,"wires":[]},{"id":"2d145daa.fe0b62","type":"function","z":"4d6958ec.559568","name":"","func":"//var temp={payload:msg.payload.Temp};\n//var gas={payload:msg.payload.Gas};\n//var humi={payload:msg.payload.Humi};\n//var press={payload:msg.payload.Press};\n//var wbgt={payload:msg.payload.Wbgt};\nvar sgp30_eCO2={payload:msg.payload.sgp30_eCO2};\nvar sgp30_TVOC={payload:msg.payload.sgp30_TVOC};\nglobal.set(\"sgp30_eCO2\",sgp30_eCO2);\nglobal.set(\"sgp30_TVOC\",sgp30_TVOC);\n\n\n//return [temp,humi,press,wbgt];\nreturn [sgp30_eCO2,sgp30_TVOC];","outputs":2,"noerr":0,"initialize":"","finalize":"","x":740,"y":340,"wires":[["d16f3fa0.68a26"],["11fac2e9.925ccd"]]},{"id":"11fac2e9.925ccd","type":"debug","z":"4d6958ec.559568","name":"","active":false,"tosidebar":true,"console":false,"tostatus":false,"complete":"false","statusVal":"","statusType":"auto","x":940,"y":360,"wires":[]},{"id":"c895fce7.fa625","type":"debug","z":"4d6958ec.559568","name":"","active":false,"tosidebar":true,"console":false,"tostatus":false,"complete":"false","statusVal":"","statusType":"auto","x":1380,"y":1480,"wires":[]},{"id":"ffc6aaa2.46a018","type":"ui_chart","z":"4d6958ec.559568","name":"","group":"807ca53.2fa3c58","order":0,"width":0,"height":0,"label":"sgp30_eCO2","chartType":"line","legend":"false","xformat":"HH:mm:ss","interpolate":"linear","nodata":"","dot":false,"ymin":"","ymax":"","removeOlder":1,"removeOlderPoints":"","removeOlderUnit":"3600","cutout":0,"useOneColor":false,"useUTC":false,"colors":["#1f77b4","#aec7e8","#ff7f0e","#2ca02c","#98df8a","#d62728","#ff9896","#9467bd","#c5b0d5"],"outputs":1,"x":1420,"y":1360,"wires":[[]]},{"id":"e6460db6.bf466","type":"ui_chart","z":"4d6958ec.559568","name":"","group":"807ca53.2fa3c58","order":1,"width":0,"height":0,"label":"sgp30_TVOC","chartType":"line","legend":"false","xformat":"HH:mm:ss","interpolate":"linear","nodata":"","dot":false,"ymin":"","ymax":"","removeOlder":1,"removeOlderPoints":"","removeOlderUnit":"3600","cutout":0,"useOneColor":false,"useUTC":false,"colors":["#1f77b4","#aec7e8","#ff7f0e","#2ca02c","#98df8a","#d62728","#ff9896","#9467bd","#c5b0d5"],"outputs":1,"x":1420,"y":1440,"wires":[[]]},{"id":"581af4f7.e9d1ac","type":"delay","z":"4d6958ec.559568","name":"","pauseType":"rate","timeout":"5","timeoutUnits":"minutes","rate":"1","nbRateUnits":"3","rateUnits":"minute","randomFirst":"1","randomLast":"5","randomUnits":"seconds","drop":true,"x":1460,"y":1580,"wires":[["9b83c7e8.6484d8","f07024f6.2b5478"]]},{"id":"2cf18eb6.6b7b02","type":"comment","z":"4d6958ec.559568","name":"{\"d1\":データー1, \"d2\":データー2, \"d3\":データー3, ...}","info":"","x":1500,"y":1660,"wires":[]},{"id":"6843ee5.d87971","type":"function","z":"4d6958ec.559568","name":"ambient送信用文字列作成","func":"    var temp = msg[\"payload\"].Temp;\n    var humi = msg[\"payload\"].Humi;\n    var press = msg[\"payload\"].Press;\n    //var gas = msg[\"payload\"].Gas;\n    var wbgt = msg[\"payload\"].Wbgt;\n    var awet = msg[\"payload\"].Awet;\n    //var air = msg[\"payload\"].Air;\n    //var co2 = msg[\"payload\"].co2;\n    var eCO2=global.get(\"sgp30_eCO2\");\n    var TVOC=global.get(\"sgp30_TVOC\");\n\n//{\"d1\":データー1, \"d2\":データー2, \"d3\":データー3, ...}    \n    //var line1 =\" \";   \n    var d1 = temp.toFixed(1) ;     //\"温度：\"\n    var d2 = humi.toFixed(1) ;   //\"湿度\n    var d3 = press.toFixed(1) ;    //\"気圧   \n    //var d4 = gas.toFixed(0) ;     //\"gas   \n    var d4 = \"\" ;     //\"gas   \n    \n    var d5 = wbgt.toFixed(1) ;     //\"熱中症指数：wbgt:\"\n    var d6 = awet.toFixed(3) ;     //\"絶対湿度awet:\"\n    //var d7 = air.toFixed(3) ;     //\"空気質：air:\"\n    //var d8 = co2 ;     //\"2酸化炭素aco2:\"\n    var d7 = TVOC.payload ;     //\"空気質：air:\"\n    var d8 = eCO2.payload ;     //\"2酸化炭素aco2:\"\n    \n    \n    msg.payload = {\"d1\":d1,\"d2\":d2,\"d3\":d3,\"d4\":d4,\"d5\":d5,\"d6\":d6,\"d7\":d7,\"d8\":d8};\n//}\nreturn msg;\n","outputs":1,"noerr":0,"initialize":"","finalize":"","x":1150,"y":1700,"wires":[["7f7db0aa.90add","581af4f7.e9d1ac"]]},{"id":"7f7db0aa.90add","type":"debug","z":"4d6958ec.559568","name":"","active":true,"tosidebar":true,"console":false,"tostatus":false,"complete":"true","targetType":"full","x":1250,"y":1740,"wires":[]},{"id":"10fe44d2.feeeab","type":"inject","z":"4d6958ec.559568","name":"","props":[{"p":"payload"},{"p":"topic","vt":"str"}],"repeat":"","crontab":"","once":false,"onceDelay":0.1,"topic":"","payload":"","payloadType":"date","x":1160,"y":1660,"wires":[["6843ee5.d87971"]]},{"id":"9b83c7e8.6484d8","type":"debug","z":"4d6958ec.559568","name":"","active":true,"tosidebar":true,"console":false,"tostatus":false,"complete":"false","statusVal":"","statusType":"auto","x":1570,"y":1620,"wires":[]},{"id":"f07024f6.2b5478","type":"Ambient","z":"4d6958ec.559568","name":"eCO2センサ（SGP30)","channelId":"31648","writeKey":"87041dc9257f4c99","x":1760,"y":1580,"wires":[]},{"id":"18e9b924.2bf147","type":"inject","z":"4d6958ec.559568","name":"","props":[{"p":"payload"},{"p":"topic","vt":"str"}],"repeat":"","crontab":"","once":true,"onceDelay":"3","topic":"","payload":"","payloadType":"date","x":710,"y":120,"wires":[["813e7182.e597f"]]},{"id":"37f76534.903d8a","type":"debug","z":"4d6958ec.559568","name":"","active":true,"tosidebar":true,"console":false,"tostatus":false,"complete":"false","statusVal":"","statusType":"auto","x":950,"y":120,"wires":[]},{"id":"813e7182.e597f","type":"exec","z":"4d6958ec.559568","command":"sudo python3 /home/pi/10_myproj/20_python/10_58_sgp30_mqtt.py","addpay":false,"append":"","useSpawn":"false","timer":"","oldrc":false,"name":"","x":970,"y":60,"wires":[["37f76534.903d8a"],[],[]]},{"id":"678d83f4.129f7c","type":"mqtt-broker","broker":"localhost","port":"1883","clientid":"","usetls":false,"compatmode":true,"keepalive":"60","cleansession":true,"birthTopic":"","birthQos":"0","birthPayload":"","willTopic":"","willQos":"0","willPayload":""},{"id":"a6d86501.359648","type":"ui_group","name":"BME680","tab":"cae37eae.4a1c4","order":1,"disp":true,"width":"6","collapse":false},{"id":"807ca53.2fa3c58","type":"ui_group","name":"sgp30","tab":"cae37eae.4a1c4","order":4,"disp":true,"width":"6","collapse":false},{"id":"cae37eae.4a1c4","type":"ui_tab","name":"ホーム","icon":"dashboard","order":1,"disabled":false,"hidden":false}]