[{"id":"c6cc7acc.113d98","type":"tab","label":"その２_カメラ運台","disabled":false,"info":""},{"id":"16915750.30b949","type":"inject","z":"c6cc7acc.113d98","d":true,"name":"","props":[{"p":"payload"},{"p":"topic","vt":"str"}],"repeat":"1","crontab":"","once":false,"onceDelay":0.1,"topic":"","payload":"","payloadType":"date","x":210,"y":320,"wires":[["fa87f2b0.8e20d"]]},{"id":"fa87f2b0.8e20d","type":"exec","z":"c6cc7acc.113d98","command":"sudo python3 /home/pi/10_myproj/20_python/120_mcp3208_to_node-red.py","addpay":false,"append":"","useSpawn":"false","timer":"","oldrc":false,"name":"","x":560,"y":380,"wires":[["ba5c03e9.5891b","97dff1bd.fbf19"],[],[]]},{"id":"ba5c03e9.5891b","type":"debug","z":"c6cc7acc.113d98","name":"","active":false,"tosidebar":true,"console":false,"tostatus":false,"complete":"true","targetType":"full","x":910,"y":440,"wires":[]},{"id":"90df67d0.95ef78","type":"json","z":"c6cc7acc.113d98","name":"","property":"payload","action":"","pretty":false,"x":490,"y":720,"wires":[["8aed0778.bdb028","279dcd95.274122"]]},{"id":"8aed0778.bdb028","type":"debug","z":"c6cc7acc.113d98","name":"","active":false,"tosidebar":true,"console":false,"tostatus":false,"complete":"true","targetType":"full","x":530,"y":760,"wires":[]},{"id":"97dff1bd.fbf19","type":"change","z":"c6cc7acc.113d98","name":"' →\"","rules":[{"t":"change","p":"payload","pt":"msg","from":"'","fromt":"str","to":"\"","tot":"str"}],"action":"","property":"","from":"","to":"","reg":false,"x":330,"y":640,"wires":[["90df67d0.95ef78","ef9d05a7.7ce888"]]},{"id":"ef9d05a7.7ce888","type":"debug","z":"c6cc7acc.113d98","name":"","active":false,"tosidebar":true,"console":false,"tostatus":false,"complete":"true","targetType":"full","x":470,"y":680,"wires":[]},{"id":"279dcd95.274122","type":"function","z":"c6cc7acc.113d98","name":"","func":"var en = { payload: msg.payload };\nvar ch0 = { payload: msg.payload.ch0 };\nvar ch1 = { payload: msg.payload.ch1 };\nvar ch2 = { payload: msg.payload.ch2 };\nvar ch3 = { payload: msg.payload.ch3 };\nvar ch4 = { payload: msg.payload.ch4 };\nvar ch5 = { payload: msg.payload.ch5 };\nvar ch6 = { payload: msg.payload.ch6 };\nvar ch7 = { payload: msg.payload.ch7 };\n\n//msg = msg.payload.ch0;\n\nreturn [ch0,ch1,ch2,ch3,ch4,ch5,ch6,ch7];","outputs":8,"noerr":0,"initialize":"","finalize":"","x":410,"y":860,"wires":[[],[],[],[],[],[],["60110268.57530c","b08040c9.f36b"],["8a105d7e.0e52f"]]},{"id":"60110268.57530c","type":"debug","z":"c6cc7acc.113d98","name":"","active":false,"tosidebar":true,"console":false,"tostatus":false,"complete":"false","x":350,"y":980,"wires":[]},{"id":"8d6c2be2.958938","type":"inject","z":"c6cc7acc.113d98","name":"","repeat":"","crontab":"","once":false,"onceDelay":0.1,"topic":"","payload":" '{\"servo0\":45,\"servo1\":45,\"servo2\":45,\"servo3\":45,\"servo4\":45,\"servo5\":45,\"servo6\":45,\"servo7\":45}'","payloadType":"str","x":1330,"y":320,"wires":[["5055b820.41d038","fca99b0f.2b0318"]]},{"id":"44c0379d.ec1338","type":"debug","z":"c6cc7acc.113d98","name":"","active":true,"tosidebar":true,"console":false,"tostatus":false,"complete":"false","x":1930,"y":440,"wires":[]},{"id":"5055b820.41d038","type":"exec","z":"c6cc7acc.113d98","command":"sudo python3 /home/pi/10_myproj/20_python/310_pca9685_servo_from_node-red.py","addpay":true,"append":"","useSpawn":"false","timer":"","oldrc":false,"name":"","x":1760,"y":380,"wires":[["44c0379d.ec1338"],["44c0379d.ec1338"],["44c0379d.ec1338"]]},{"id":"841b0267.63135","type":"comment","z":"c6cc7acc.113d98","name":"入力部","info":"","x":210,"y":240,"wires":[]},{"id":"ad187a5b.c39998","type":"comment","z":"c6cc7acc.113d98","name":"出力部","info":"","x":1330,"y":240,"wires":[]},{"id":"dd820de8.7734a","type":"comment","z":"c6cc7acc.113d98","name":" '{\"servo0\":45,\"servo1\":45,\"servo2\":45,\"servo3\":45,\"servo4\":45,\"servo5\":45,\"servo6\":45,\"servo7\":45}'","info":"","x":1760,"y":320,"wires":[]},{"id":"733d3db2.001e34","type":"comment","z":"c6cc7acc.113d98","name":" '{\"ch0\":0.0,\"ch1\":0.0,\"ch2\":0.0,\"ch3\":0.0,\"ch4\":0.0,\"ch5\":0.0,\"ch6\":0.0,\"ch7\":0.0}'","info":"","x":670,"y":320,"wires":[]},{"id":"e16d0223.14dee","type":"inject","z":"c6cc7acc.113d98","name":"","repeat":"","crontab":"","once":false,"onceDelay":0.1,"topic":"","payload":" '{\"servo0\":45,\"servo1\":45,\"servo2\":45,\"servo3\":45,\"servo4\":45,\"servo5\":45,\"servo6\":45,\"servo7\":45}'","payloadType":"str","x":1210,"y":620,"wires":[[]]},{"id":"a9c7c5c0.8094b8","type":"comment","z":"c6cc7acc.113d98","name":"NG:  '{\"servo0\":45,\"servo1\":45,\"servo2\":45,\"servo3\":45,\"servo4\":45,\"servo5\":45,\"servo6\":45,\"servo7\":45}'","info":"","x":1670,"y":620,"wires":[]},{"id":"affee84d.c523f8","type":"json","z":"c6cc7acc.113d98","name":"","property":"payload","action":"","pretty":false,"x":1370,"y":720,"wires":[["70409273.005b1c","986ffa68.368208"]]},{"id":"9ad3e8e6.912718","type":"json","z":"c6cc7acc.113d98","name":"","property":"payload","action":"","pretty":false,"x":1710,"y":780,"wires":[["a8b11f6b.c207","ce98bd20.afcec"]]},{"id":"70409273.005b1c","type":"debug","z":"c6cc7acc.113d98","name":"","active":true,"tosidebar":true,"console":false,"tostatus":false,"complete":"true","targetType":"full","x":1370,"y":760,"wires":[]},{"id":"a8b11f6b.c207","type":"debug","z":"c6cc7acc.113d98","name":"","active":false,"tosidebar":true,"console":false,"tostatus":false,"complete":"true","targetType":"full","x":1750,"y":840,"wires":[]},{"id":"c55495a2.ed65a8","type":"debug","z":"c6cc7acc.113d98","name":"","active":false,"tosidebar":true,"console":false,"tostatus":false,"complete":"true","targetType":"full","x":1210,"y":740,"wires":[]},{"id":"fca99b0f.2b0318","type":"debug","z":"c6cc7acc.113d98","name":"","active":true,"tosidebar":true,"console":false,"tostatus":false,"complete":"false","x":1300,"y":400,"wires":[]},{"id":"af629c9a.1e982","type":"change","z":"c6cc7acc.113d98","name":"' →\"","rules":[{"t":"change","p":"payload","pt":"msg","from":"'","fromt":"str","to":"\"","tot":"str"}],"action":"","property":"","from":"","to":"","reg":false,"x":1210,"y":700,"wires":[["c55495a2.ed65a8","affee84d.c523f8"]]},{"id":"305b3b3f.a6c5d4","type":"inject","z":"c6cc7acc.113d98","name":"","props":[{"p":"payload","v":"{\"servo0\":45,\"servo1\":45,\"servo2\":45,\"servo3\":45,\"servo4\":45,\"servo5\":45,\"servo6\":45,\"servo7\":45}","vt":"str"},{"p":"topic","v":"","vt":"string"}],"repeat":"","crontab":"","once":false,"onceDelay":0.1,"topic":"","payload":"{\"servo0\":45,\"servo1\":45,\"servo2\":45,\"servo3\":45,\"servo4\":45,\"servo5\":45,\"servo6\":45,\"servo7\":45}","payloadType":"str","x":1210,"y":660,"wires":[["af629c9a.1e982"]]},{"id":"6b8dd466.0916bc","type":"comment","z":"c6cc7acc.113d98","name":"OK:　{\"servo0\":45,\"servo1\":45,\"servo2\":45,\"servo3\":45,\"servo4\":45,\"servo5\":45,\"servo6\":45,\"servo7\":45}","info":"","x":1670,"y":660,"wires":[]},{"id":"31c18c37.91f154","type":"comment","z":"c6cc7acc.113d98","name":"文字列化","info":"","x":1740,"y":700,"wires":[]},{"id":"65218bcf.f1c584","type":"comment","z":"c6cc7acc.113d98","name":"変数化","info":"","x":1370,"y":680,"wires":[]},{"id":"986ffa68.368208","type":"function","z":"c6cc7acc.113d98","name":"","func":"\nreturn msg;","outputs":1,"noerr":0,"initialize":"","finalize":"","x":1550,"y":820,"wires":[["9ad3e8e6.912718","1e69cc9a.a72ce3"]]},{"id":"61293391.0d3e3c","type":"comment","z":"c6cc7acc.113d98","name":"NG: {\"servo0\":45,\"servo1\":45,\"servo2\":45,\"servo3\":45,\"servo4\":45,\"servo5\":45,\"servo6\":45,\"servo7\":45}","info":"","x":1830,"y":740,"wires":[]},{"id":"ce98bd20.afcec","type":"function","z":"c6cc7acc.113d98","name":"","func":"var oriji = { payload: msg.payload };\nvar out = { payload: msg.payload };\nout = \"'\";\nout += msg.payload ;\nout += \"'\";\nmsg.payload = out;\n//msg = msg.payload.ch0;\nreturn [oriji,msg];","outputs":2,"noerr":0,"x":1890,"y":820,"wires":[["efb8d29f.d4e43"],["7eb0821b.012a7c","5055b820.41d038"]]},{"id":"efb8d29f.d4e43","type":"debug","z":"c6cc7acc.113d98","name":"","active":false,"tosidebar":true,"console":false,"tostatus":false,"complete":"false","x":2010,"y":780,"wires":[]},{"id":"7eb0821b.012a7c","type":"debug","z":"c6cc7acc.113d98","name":"","active":true,"tosidebar":true,"console":false,"tostatus":false,"complete":"false","x":2030,"y":880,"wires":[]},{"id":"2095a59d.cf15da","type":"inject","z":"c6cc7acc.113d98","name":"","repeat":"","crontab":"","once":false,"onceDelay":0.1,"topic":"","payload":"30","payloadType":"num","x":1010,"y":820,"wires":[["21a1c111.350a0e"]]},{"id":"7e7b8f6c.1a761","type":"debug","z":"c6cc7acc.113d98","name":"","active":false,"tosidebar":true,"console":false,"tostatus":false,"complete":"true","targetType":"full","x":1190,"y":800,"wires":[]},{"id":"21a1c111.350a0e","type":"function","z":"c6cc7acc.113d98","name":"servo0","func":"var oriji = { payload: msg.payload };\nvar out0 = {payload:{\n    servo0:0}};\nout0.payload.servo0 = msg.payload ;\n//servo0 =  oriji ;\n//msg.payload = servo0;\n//msg = msg.payload.ch0;\nreturn [oriji,out0];","outputs":2,"noerr":0,"initialize":"","finalize":"","x":1190,"y":860,"wires":[["7e7b8f6c.1a761"],["f564fbd7.9cefd8","aa5bf44f.6a57e8"]]},{"id":"f564fbd7.9cefd8","type":"debug","z":"c6cc7acc.113d98","name":"","active":true,"tosidebar":true,"console":false,"tostatus":false,"complete":"true","targetType":"full","x":1190,"y":900,"wires":[]},{"id":"1e69cc9a.a72ce3","type":"debug","z":"c6cc7acc.113d98","name":"","active":false,"tosidebar":true,"console":false,"tostatus":false,"complete":"true","targetType":"full","x":1620,"y":880,"wires":[]},{"id":"987de9e7.32fbd8","type":"inject","z":"c6cc7acc.113d98","name":"","repeat":"","crontab":"","once":false,"onceDelay":0.1,"topic":"","payload":"45","payloadType":"num","x":1010,"y":860,"wires":[["21a1c111.350a0e"]]},{"id":"bcf4e43a.a018d8","type":"inject","z":"c6cc7acc.113d98","name":"","repeat":"","crontab":"","once":false,"onceDelay":0.1,"topic":"","payload":"60","payloadType":"num","x":1010,"y":900,"wires":[["21a1c111.350a0e"]]},{"id":"a725ac43.b626d","type":"inject","z":"c6cc7acc.113d98","name":"","repeat":"","crontab":"","once":false,"onceDelay":0.1,"topic":"","payload":"30","payloadType":"num","x":1010,"y":1000,"wires":[["5ff48954.f1cf48"]]},{"id":"52f9be06.06c4d","type":"debug","z":"c6cc7acc.113d98","name":"","active":false,"tosidebar":true,"console":false,"tostatus":false,"complete":"true","targetType":"full","x":1190,"y":980,"wires":[]},{"id":"5ff48954.f1cf48","type":"function","z":"c6cc7acc.113d98","name":"servo1","func":"var oriji = { payload: msg.payload };\nvar out0 = {payload:{\n    servo1:0}};\nout0.payload.servo1 = msg.payload ;\n//servo0 =  oriji ;\n//msg.payload = servo0;\n//msg = msg.payload.ch0;\nreturn [oriji,out0];","outputs":2,"noerr":0,"initialize":"","finalize":"","x":1190,"y":1020,"wires":[["52f9be06.06c4d"],["26b8ee58.450632","3cfb1513.2cb0aa","4c6793f2.fc3bbc"]]},{"id":"26b8ee58.450632","type":"debug","z":"c6cc7acc.113d98","name":"","active":true,"tosidebar":true,"console":false,"tostatus":false,"complete":"true","targetType":"full","x":1190,"y":1080,"wires":[]},{"id":"e2b89338.06d8a","type":"inject","z":"c6cc7acc.113d98","name":"","repeat":"","crontab":"","once":false,"onceDelay":0.1,"topic":"","payload":"45","payloadType":"num","x":1010,"y":1040,"wires":[["5ff48954.f1cf48"]]},{"id":"d9308c3a.87f63","type":"inject","z":"c6cc7acc.113d98","name":"","repeat":"","crontab":"","once":false,"onceDelay":0.1,"topic":"","payload":"60","payloadType":"num","x":1010,"y":1080,"wires":[["5ff48954.f1cf48"]]},{"id":"b08040c9.f36b","type":"range","z":"c6cc7acc.113d98","minin":"100","maxin":"30000","minout":"30","maxout":"60","action":"scale","round":true,"property":"payload","name":"","x":620,"y":820,"wires":[["82123b29.4d2b48","21a1c111.350a0e"]]},{"id":"82123b29.4d2b48","type":"debug","z":"c6cc7acc.113d98","name":"","active":true,"tosidebar":true,"console":false,"tostatus":false,"complete":"false","x":630,"y":860,"wires":[]},{"id":"8a105d7e.0e52f","type":"range","z":"c6cc7acc.113d98","minin":"100","maxin":"30000","minout":"30","maxout":"60","action":"scale","round":true,"property":"payload","name":"","x":600,"y":1040,"wires":[["db708dad.94f79","5ff48954.f1cf48"]]},{"id":"db708dad.94f79","type":"debug","z":"c6cc7acc.113d98","name":"","active":true,"tosidebar":true,"console":false,"tostatus":false,"complete":"false","x":630,"y":1100,"wires":[]},{"id":"2cc3ee4c.061a32","type":"comment","z":"c6cc7acc.113d98","name":"処理部","info":"","x":950,"y":600,"wires":[]},{"id":"aa5bf44f.6a57e8","type":"join","z":"c6cc7acc.113d98","name":"","mode":"custom","build":"merged","property":"payload","propertyType":"msg","key":"topic","joiner":"\\n","joinerType":"str","accumulate":true,"timeout":"","count":"","reduceRight":false,"reduceExp":"","reduceInit":"","reduceInitType":"num","reduceFixup":"","x":1650,"y":1000,"wires":[["b300318.44757d","986ffa68.368208"]]},{"id":"b300318.44757d","type":"debug","z":"c6cc7acc.113d98","name":"","active":true,"tosidebar":true,"console":false,"tostatus":false,"complete":"false","statusVal":"","statusType":"auto","x":1730,"y":1040,"wires":[]},{"id":"1620d76f.80c029","type":"function","z":"c6cc7acc.113d98","name":"","func":"context.global.n = 2;\ncontext.global.data = new Array(2);\nmsg.complete = 1;\nreturn msg;","outputs":1,"noerr":0,"initialize":"","finalize":"","x":1580,"y":1120,"wires":[["b7561f54.d6352","aa5bf44f.6a57e8"]]},{"id":"b7561f54.d6352","type":"debug","z":"c6cc7acc.113d98","name":"","active":false,"tosidebar":true,"console":false,"tostatus":false,"complete":"true","targetType":"full","statusVal":"","statusType":"auto","x":1670,"y":1160,"wires":[]},{"id":"2998548.dba24ac","type":"inject","z":"c6cc7acc.113d98","name":"","props":[{"p":"payload"},{"p":"topic","vt":"str"}],"repeat":"","crontab":"","once":false,"onceDelay":0.1,"topic":"","payload":"","payloadType":"date","x":1460,"y":1180,"wires":[["1620d76f.80c029"]]},{"id":"3cfb1513.2cb0aa","type":"delay","z":"c6cc7acc.113d98","name":"","pauseType":"delay","timeout":"3","timeoutUnits":"seconds","rate":"1","nbRateUnits":"1","rateUnits":"second","randomFirst":"1","randomLast":"5","randomUnits":"seconds","drop":false,"x":1400,"y":1120,"wires":[["1620d76f.80c029"]]},{"id":"a5ef3f37.75717","type":"comment","z":"c6cc7acc.113d98","name":"２つの変数がそろってから次に送る処理","info":"","x":1530,"y":960,"wires":[]},{"id":"4e4d6f60.d7b67","type":"comment","z":"c6cc7acc.113d98","name":"カメラ用アプリは Rpi Cam Control を使用、ブラウザでlocalhostにアクセス","info":"","x":430,"y":60,"wires":[]},{"id":"a5644417.c01f48","type":"inject","z":"c6cc7acc.113d98","name":"","props":[{"p":"payload"},{"p":"topic","vt":"str"}],"repeat":"","crontab":"","once":false,"onceDelay":0.1,"topic":"","payload":"","payloadType":"date","x":270,"y":120,"wires":[["69182799.7c8c08"]]},{"id":"4a013f45.fe983","type":"debug","z":"c6cc7acc.113d98","name":"","active":true,"tosidebar":true,"console":false,"tostatus":false,"complete":"false","statusVal":"","statusType":"auto","x":710,"y":180,"wires":[]},{"id":"69182799.7c8c08","type":"exec","z":"c6cc7acc.113d98","command":"sudo /home/pi/RPi_Cam_Web_Interface/start.sh","addpay":false,"append":"","useSpawn":"false","timer":"","oldrc":false,"name":"","x":650,"y":140,"wires":[["4a013f45.fe983"],["4a013f45.fe983"],["4a013f45.fe983"]]},{"id":"29db5a53.a57c56","type":"inject","z":"c6cc7acc.113d98","name":"","props":[{"p":"payload"},{"p":"topic","vt":"str"}],"repeat":"","crontab":"","once":false,"onceDelay":0.1,"topic":"","payload":"","payloadType":"date","x":1180,"y":140,"wires":[["9bcdca94.9d41c8"]]},{"id":"f80a7fde.ee601","type":"debug","z":"c6cc7acc.113d98","name":"","active":true,"tosidebar":true,"console":false,"tostatus":false,"complete":"false","statusVal":"","statusType":"auto","x":1620,"y":200,"wires":[]},{"id":"9bcdca94.9d41c8","type":"exec","z":"c6cc7acc.113d98","command":"sudo /home/pi/RPi_Cam_Web_Interface/stop.sh","addpay":false,"append":"","useSpawn":"false","timer":"","oldrc":false,"name":"","x":1560,"y":160,"wires":[["f80a7fde.ee601"],["f80a7fde.ee601"],["f80a7fde.ee601"]]},{"id":"4c6793f2.fc3bbc","type":"delay","z":"c6cc7acc.113d98","name":"","pauseType":"delay","timeout":"100","timeoutUnits":"milliseconds","rate":"1","nbRateUnits":"1","rateUnits":"second","randomFirst":"1","randomLast":"5","randomUnits":"seconds","drop":false,"x":1420,"y":1040,"wires":[["aa5bf44f.6a57e8"]]},{"id":"9368c2cc.17e8b","type":"inject","z":"c6cc7acc.113d98","name":"試験用","props":[{"p":"payload"},{"p":"topic","vt":"str"}],"repeat":"","crontab":"","once":false,"onceDelay":0.1,"topic":"","payload":"","payloadType":"date","x":180,"y":440,"wires":[["fa87f2b0.8e20d"]]},{"id":"c3f88c24.45a07","type":"comment","z":"c6cc7acc.113d98","name":"上下","info":"","x":850,"y":680,"wires":[]},{"id":"935f1110.20e45","type":"comment","z":"c6cc7acc.113d98","name":"左右","info":"","x":830,"y":880,"wires":[]},{"id":"b4187a32.a9a908","type":"ui_slider","z":"c6cc7acc.113d98","name":"","label":"カメラ運台（上下）","tooltip":"","group":"38b73cc4.f837d4","order":0,"width":0,"height":0,"passthru":true,"outs":"end","topic":"","min":"30","max":"60","step":1,"x":920,"y":780,"wires":[["21a1c111.350a0e"]]},{"id":"8210f61f.be8f58","type":"inject","z":"c6cc7acc.113d98","name":"","props":[{"p":"payload"},{"p":"topic","vt":"str"}],"repeat":"","crontab":"","once":false,"onceDelay":0.1,"topic":"","payload":"45","payloadType":"num","x":850,"y":720,"wires":[["b4187a32.a9a908"]]},{"id":"d21b85ea.015288","type":"ui_slider","z":"c6cc7acc.113d98","name":"","label":"カメラ運台（左右）","tooltip":"","group":"38b73cc4.f837d4","order":0,"width":0,"height":0,"passthru":true,"outs":"end","topic":"","min":"30","max":"60","step":1,"x":900,"y":960,"wires":[["5ff48954.f1cf48"]]},{"id":"71f69ac7.214554","type":"inject","z":"c6cc7acc.113d98","name":"","props":[{"p":"payload"},{"p":"topic","vt":"str"}],"repeat":"","crontab":"","once":false,"onceDelay":0.1,"topic":"","payload":"45","payloadType":"num","x":830,"y":920,"wires":[["d21b85ea.015288"]]},{"id":"38b73cc4.f837d4","type":"ui_group","name":"カメラ運台","tab":"cae37eae.4a1c4","order":2,"disp":true,"width":"6","collapse":false},{"id":"cae37eae.4a1c4","type":"ui_tab","name":"ホーム","icon":"dashboard","order":1,"disabled":false,"hidden":false}]